,customer_id,customer_since,gender,birth_year,generation
0,1,2017-01-04,M,1950,Baby Boomers
1,2,2017-01-07,M,1950,Baby Boomers
2,3,2017-01-10,M,1950,Baby Boomers
3,4,2017-01-13,M,1950,Baby Boomers
4,5,2017-01-15,M,1951,Baby Boomers
5,6,2017-01-18,M,1951,Baby Boomers
6,7,2017-01-21,M,1951,Baby Boomers
7,8,2017-01-24,M,1951,Baby Boomers
8,9,2017-01-26,M,1951,Baby Boomers
9,10,2017-01-29,M,1951,Baby Boomers
10,11,2017-02-01,M,1952,Baby Boomers
11,12,2017-02-04,M,1952,Baby Boomers
12,13,2017-02-06,M,1952,Baby Boomers
13,14,2017-02-09,M,1952,Baby Boomers
14,15,2017-02-12,M,1952,Baby Boomers
15,16,2017-02-15,M,1952,Baby Boomers
16,17,2017-02-17,M,1953,Baby Boomers
17,18,2017-02-20,M,1953,Baby Boomers
18,19,2017-02-23,M,1953,Baby Boomers
19,20,2017-02-26,M,1953,Baby Boomers
20,21,2017-02-28,M,1953,Baby Boomers
21,22,2017-03-03,M,1953,Baby Boomers
22,23,2017-03-06,M,1954,Baby Boomers
23,24,2017-03-09,M,1954,Baby Boomers
24,25,2017-03-11,M,1954,Baby Boomers
25,26,2017-03-14,M,1954,Baby Boomers
26,27,2017-03-17,M,1954,Baby Boomers
27,28,2017-03-20,M,1954,Baby Boomers
28,29,2017-03-22,M,1955,Baby Boomers
29,30,2017-03-25,M,1955,Baby Boomers
30,31,2017-03-28,M,1955,Baby Boomers
31,32,2017-03-31,M,1955,Baby Boomers
32,33,2017-04-02,M,1955,Baby Boomers
33,34,2017-04-05,M,1956,Baby Boomers
34,35,2017-04-08,M,1956,Baby Boomers
35,36,2017-04-11,M,1956,Baby Boomers
36,37,2017-04-13,M,1956,Baby Boomers
37,38,2017-04-16,M,1956,Baby Boomers
38,39,2017-04-19,M,1956,Baby Boomers
39,40,2017-04-22,M,1957,Baby Boomers
40,41,2017-04-25,M,1957,Baby Boomers
41,42,2017-04-27,M,1957,Baby Boomers
42,43,2017-04-30,M,1957,Baby Boomers
43,44,2017-05-03,M,1957,Baby Boomers
44,45,2017-05-06,M,1957,Baby Boomers
45,46,2017-05-08,M,1958,Baby Boomers
46,47,2017-05-11,M,1958,Baby Boomers
47,48,2017-05-14,M,1958,Baby Boomers
48,49,2017-05-17,M,1958,Baby Boomers
49,50,2017-05-19,M,1958,Baby Boomers
50,51,2017-05-22,M,1958,Baby Boomers
51,52,2017-05-25,M,1959,Baby Boomers
52,53,2017-05-28,M,1959,Baby Boomers
53,54,2017-05-30,M,1959,Baby Boomers
54,55,2017-06-02,M,1959,Baby Boomers
55,56,2017-06-05,M,1959,Baby Boomers
56,57,2017-06-08,M,1959,Baby Boomers
57,58,2017-06-10,M,1960,Baby Boomers
58,59,2017-06-13,M,1960,Baby Boomers
59,60,2017-06-16,M,1960,Baby Boomers
60,61,2017-06-19,M,1960,Baby Boomers
61,62,2017-06-21,M,1960,Baby Boomers
62,63,2017-06-24,M,1960,Baby Boomers
63,64,2017-06-27,M,1961,Baby Boomers
64,65,2017-06-30,M,1961,Baby Boomers
65,66,2017-07-02,M,1961,Baby Boomers
66,67,2017-07-05,M,1961,Baby Boomers
67,68,2017-07-08,M,1961,Baby Boomers
68,69,2017-07-11,M,1961,Baby Boomers
69,70,2017-07-13,M,1962,Baby Boomers
70,71,2017-07-16,M,1962,Baby Boomers
71,72,2017-07-19,M,1962,Baby Boomers
72,73,2017-07-22,M,1962,Baby Boomers
73,74,2017-07-24,M,1962,Baby Boomers
74,75,2017-07-27,M,1962,Baby Boomers
75,76,2017-07-30,M,1963,Baby Boomers
76,77,2017-08-02,M,1963,Baby Boomers
77,78,2017-08-05,M,1963,Baby Boomers
78,79,2017-08-07,M,1963,Baby Boomers
79,80,2017-08-10,M,1963,Baby Boomers
80,81,2017-08-13,M,1964,Baby Boomers
81,82,2017-08-16,M,1964,Baby Boomers
82,83,2017-08-18,M,1964,Baby Boomers
83,84,2017-08-21,M,1964,Baby Boomers
84,85,2017-08-24,M,1964,Baby Boomers
85,86,2017-08-27,M,1964,Baby Boomers
86,87,2017-08-29,M,1965,Gen X
87,88,2017-09-01,M,1965,Gen X
88,89,2017-09-04,M,1965,Gen X
89,90,2017-09-07,M,1965,Gen X
90,91,2017-09-09,M,1965,Gen X
91,92,2017-09-12,M,1965,Gen X
92,93,2017-09-15,M,1966,Gen X
93,94,2017-09-18,M,1966,Gen X
94,95,2017-09-20,M,1966,Gen X
95,96,2017-09-23,M,1966,Gen X
96,97,2017-09-26,M,1966,Gen X
97,98,2017-09-29,M,1966,Gen X
98,99,2017-10-01,M,1967,Gen X
99,100,2017-10-04,M,1967,Gen X
100,101,2017-10-07,M,1967,Gen X
101,102,2017-10-10,M,1967,Gen X
102,103,2017-10-12,M,1967,Gen X
103,104,2017-10-15,M,1967,Gen X
104,105,2017-10-18,M,1968,Gen X
105,106,2017-10-21,M,1968,Gen X
106,107,2017-10-23,M,1968,Gen X
107,108,2017-10-26,M,1968,Gen X
108,109,2017-10-29,M,1968,Gen X
109,110,2017-11-01,M,1968,Gen X
110,111,2017-11-03,M,1969,Gen X
111,112,2017-11-06,M,1969,Gen X
112,113,2017-11-09,M,1969,Gen X
113,114,2017-11-12,M,1969,Gen X
114,115,2017-11-15,M,1969,Gen X
115,116,2017-11-17,M,1969,Gen X
116,117,2017-11-20,M,1970,Gen X
117,118,2017-11-23,M,1970,Gen X
118,119,2017-11-26,M,1970,Gen X
119,120,2017-11-28,M,1970,Gen X
120,121,2017-12-01,M,1970,Gen X
121,122,2017-12-04,M,1970,Gen X
122,123,2017-12-07,M,1971,Gen X
123,124,2017-12-09,M,1971,Gen X
124,125,2017-12-12,M,1971,Gen X
125,126,2017-12-15,M,1971,Gen X
126,127,2017-12-18,M,1971,Gen X
127,128,2017-12-20,M,1972,Gen X
128,129,2017-12-23,M,1972,Gen X
129,130,2017-12-26,M,1972,Gen X
130,131,2017-12-29,M,1972,Gen X
131,132,2017-12-31,M,1972,Gen X
132,133,2018-01-03,M,1972,Gen X
133,134,2018-01-06,M,1973,Gen X
134,135,2018-01-09,M,1973,Gen X
135,136,2018-01-11,M,1973,Gen X
136,137,2018-01-14,M,1973,Gen X
137,138,2018-01-17,M,1973,Gen X
138,139,2018-01-20,M,1973,Gen X
139,140,2018-01-22,M,1974,Gen X
140,141,2018-01-25,M,1974,Gen X
141,142,2018-01-28,M,1974,Gen X
142,143,2018-01-31,M,1974,Gen X
143,144,2018-02-02,M,1974,Gen X
144,145,2018-02-05,M,1974,Gen X
145,146,2018-02-08,M,1975,Gen X
146,147,2018-02-11,M,1975,Gen X
147,148,2018-02-13,M,1975,Gen X
148,149,2018-02-16,M,1975,Gen X
149,150,2018-02-19,M,1975,Gen X
150,151,2018-02-22,M,1975,Gen X
151,152,2018-02-25,M,1976,Gen X
152,153,2018-02-27,M,1976,Gen X
153,154,2018-03-02,M,1976,Gen X
154,155,2018-03-05,M,1976,Gen X
155,156,2018-03-08,M,1976,Gen X
156,157,2018-03-10,M,1976,Gen X
157,158,2018-03-13,M,1977,Gen X
158,159,2018-03-16,M,1977,Gen X
159,160,2018-03-19,M,1977,Gen X
160,161,2018-03-21,M,1977,Gen X
161,162,2018-03-24,M,1977,Gen X
162,163,2018-03-27,M,1977,Gen X
163,164,2018-03-30,M,1978,Gen X
164,165,2018-04-01,M,1978,Gen X
165,166,2018-04-04,M,1978,Gen X
166,167,2018-04-07,M,1978,Gen X
167,168,2018-04-10,M,1978,Gen X
168,169,2018-04-12,M,1978,Gen X
169,170,2018-04-15,M,1979,Gen X
170,171,2018-04-18,M,1979,Gen X
171,172,2018-04-21,M,1979,Gen X
172,173,2018-04-23,M,1979,Gen X
173,174,2018-04-26,M,1979,Gen X
174,175,2018-04-29,M,1980,Older Millennials
175,176,2018-05-02,M,1980,Older Millennials
176,177,2018-05-04,M,1980,Older Millennials
177,178,2018-05-07,M,1980,Older Millennials
178,179,2018-05-10,M,1980,Older Millennials
179,180,2018-05-13,M,1980,Older Millennials
180,181,2018-05-15,M,1981,Older Millennials
181,182,2018-05-18,M,1981,Older Millennials
182,183,2018-05-21,M,1981,Older Millennials
183,184,2018-05-24,M,1981,Older Millennials
184,185,2018-05-26,M,1981,Older Millennials
185,186,2018-05-29,M,1981,Older Millennials
186,187,2018-06-01,M,1982,Older Millennials
187,188,2018-06-04,M,1982,Older Millennials
188,189,2018-06-07,M,1982,Older Millennials
189,190,2018-06-09,M,1982,Older Millennials
190,191,2018-06-12,M,1982,Older Millennials
191,192,2018-06-15,M,1982,Older Millennials
192,193,2018-06-18,M,1983,Older Millennials
193,194,2018-06-20,M,1983,Older Millennials
194,195,2018-06-23,M,1983,Older Millennials
195,196,2018-06-26,M,1983,Older Millennials
196,197,2018-06-29,M,1983,Older Millennials
197,198,2018-07-01,M,1983,Older Millennials
198,199,2018-07-04,M,1984,Older Millennials
199,200,2018-07-07,M,1984,Older Millennials
200,201,2018-07-10,M,1984,Older Millennials
201,202,2018-07-12,M,1984,Older Millennials
202,203,2018-07-15,M,1984,Older Millennials
203,204,2018-07-18,M,1984,Older Millennials
204,205,2018-07-21,M,1985,Older Millennials
205,206,2018-07-23,M,1985,Older Millennials
206,207,2018-07-26,M,1985,Older Millennials
207,208,2018-07-29,M,1985,Older Millennials
208,209,2018-08-01,M,1985,Older Millennials
209,210,2018-08-03,M,1985,Older Millennials
210,211,2018-08-06,M,1986,Older Millennials
211,212,2018-08-09,M,1986,Older Millennials
212,213,2018-08-12,M,1986,Older Millennials
213,214,2018-08-14,M,1986,Older Millennials
214,215,2018-08-17,M,1986,Older Millennials
215,216,2018-08-20,M,1986,Older Millennials
216,217,2018-08-23,M,1987,Older Millennials
217,218,2018-08-25,M,1987,Older Millennials
218,219,2018-08-28,M,1987,Older Millennials
219,220,2018-08-31,M,1987,Older Millennials
220,221,2018-09-03,M,1987,Older Millennials
221,222,2018-09-05,M,1988,Older Millennials
222,223,2018-09-08,M,1988,Older Millennials
223,224,2018-09-11,M,1988,Older Millennials
224,225,2018-09-14,M,1988,Older Millennials
225,226,2018-09-17,M,1988,Older Millennials
226,227,2018-09-19,M,1988,Older Millennials
227,228,2018-09-22,M,1989,Older Millennials
228,229,2018-09-25,M,1989,Older Millennials
229,230,2018-09-28,M,1989,Older Millennials
230,231,2018-09-30,M,1989,Older Millennials
231,232,2018-10-03,M,1989,Older Millennials
232,233,2018-10-06,M,1989,Older Millennials
233,234,2018-10-09,M,1990,Younger Millennials
234,235,2018-10-11,M,1990,Younger Millennials
235,236,2018-10-14,M,1990,Younger Millennials
236,237,2018-10-17,M,1990,Younger Millennials
237,238,2018-10-20,M,1990,Younger Millennials
238,239,2018-10-22,M,1990,Younger Millennials
239,240,2018-10-25,M,1991,Younger Millennials
240,241,2018-10-28,M,1991,Younger Millennials
241,242,2018-10-31,M,1991,Younger Millennials
242,243,2018-11-02,M,1991,Younger Millennials
243,244,2018-11-05,M,1991,Younger Millennials
244,245,2018-11-08,M,1991,Younger Millennials
245,246,2018-11-11,M,1992,Younger Millennials
246,247,2018-11-13,M,1992,Younger Millennials
247,248,2018-11-16,M,1992,Younger Millennials
248,249,2018-11-19,M,1992,Younger Millennials
249,250,2018-11-22,M,1992,Younger Millennials
250,251,2018-11-24,M,1992,Younger Millennials
251,252,2018-11-27,M,1993,Younger Millennials
252,253,2018-11-30,M,1993,Younger Millennials
253,254,2018-12-03,M,1993,Younger Millennials
254,255,2018-12-05,M,1993,Younger Millennials
255,256,2018-12-08,M,1993,Younger Millennials
256,257,2018-12-11,M,1993,Younger Millennials
257,258,2018-12-14,M,1994,Younger Millennials
258,259,2018-12-16,M,1994,Younger Millennials
259,260,2018-12-19,M,1994,Younger Millennials
260,261,2018-12-22,M,1994,Younger Millennials
261,262,2018-12-25,M,1994,Younger Millennials
262,263,2018-12-28,M,1994,Younger Millennials
263,264,2018-12-30,M,1995,Gen Z
264,265,2019-01-02,M,1995,Gen Z
265,266,2019-01-05,M,1995,Gen Z
266,267,2019-01-08,M,1995,Gen Z
267,268,2019-01-10,M,1995,Gen Z
268,269,2019-01-13,M,1995,Gen Z
269,270,2019-01-16,M,1996,Gen Z
270,271,2019-01-19,M,1996,Gen Z
271,272,2019-01-21,M,1996,Gen Z
272,273,2019-01-24,M,1996,Gen Z
273,274,2019-01-27,M,1996,Gen Z
274,275,2019-01-30,M,1997,Gen Z
275,276,2019-02-01,M,1997,Gen Z
276,277,2019-02-04,M,1997,Gen Z
277,278,2019-02-07,M,1997,Gen Z
278,279,2019-02-10,M,1997,Gen Z
279,280,2019-02-12,M,1997,Gen Z
280,281,2019-02-15,M,1998,Gen Z
281,282,2019-02-18,M,1998,Gen Z
282,283,2019-02-21,M,1998,Gen Z
283,284,2019-02-23,M,1998,Gen Z
284,285,2019-02-26,M,1998,Gen Z
285,286,2019-03-01,M,1998,Gen Z
286,287,2019-03-04,M,1999,Gen Z
287,288,2019-03-06,M,1999,Gen Z
288,289,2019-03-09,M,1999,Gen Z
289,290,2019-03-12,M,1999,Gen Z
290,291,2019-03-15,M,1999,Gen Z
291,292,2019-03-17,M,1999,Gen Z
292,293,2019-03-20,M,2000,Gen Z
293,294,2019-03-23,M,2000,Gen Z
294,295,2019-03-26,M,2000,Gen Z
295,296,2019-03-28,M,2000,Gen Z
296,297,2019-03-31,M,2000,Gen Z
297,298,2019-04-03,M,2000,Gen Z
298,299,2019-04-06,M,2001,Gen Z
299,300,2019-04-09,M,2001,Gen Z
300,301,2017-01-04,F,1950,Baby Boomers
301,302,2017-01-06,F,1950,Baby Boomers
302,303,2017-01-08,F,1950,Baby Boomers
303,304,2017-01-10,F,1950,Baby Boomers
304,305,2017-01-12,F,1950,Baby Boomers
305,306,2017-01-14,F,1951,Baby Boomers
306,307,2017-01-16,F,1951,Baby Boomers
307,308,2017-01-18,F,1951,Baby Boomers
308,309,2017-01-20,F,1951,Baby Boomers
309,310,2017-01-22,F,1951,Baby Boomers
310,311,2017-01-24,F,1951,Baby Boomers
311,312,2017-01-26,F,1951,Baby Boomers
312,313,2017-01-28,F,1951,Baby Boomers
313,314,2017-01-30,F,1952,Baby Boomers
314,315,2017-02-02,F,1952,Baby Boomers
315,316,2017-02-04,F,1952,Baby Boomers
316,317,2017-02-06,F,1952,Baby Boomers
317,318,2017-02-08,F,1952,Baby Boomers
318,319,2017-02-10,F,1952,Baby Boomers
319,320,2017-02-12,F,1952,Baby Boomers
320,321,2017-02-14,F,1952,Baby Boomers
321,322,2017-02-16,F,1953,Baby Boomers
322,323,2017-02-18,F,1953,Baby Boomers
323,324,2017-02-20,F,1953,Baby Boomers
324,325,2017-02-22,F,1953,Baby Boomers
325,326,2017-02-24,F,1953,Baby Boomers
326,327,2017-02-26,F,1953,Baby Boomers
327,328,2017-02-28,F,1953,Baby Boomers
328,329,2017-03-02,F,1953,Baby Boomers
329,330,2017-03-05,F,1954,Baby Boomers
330,331,2017-03-07,F,1954,Baby Boomers
331,332,2017-03-09,F,1954,Baby Boomers
332,333,2017-03-11,F,1954,Baby Boomers
333,334,2017-03-13,F,1954,Baby Boomers
334,335,2017-03-15,F,1954,Baby Boomers
335,336,2017-03-17,F,1954,Baby Boomers
336,337,2017-03-19,F,1954,Baby Boomers
337,338,2017-03-21,F,1955,Baby Boomers
338,339,2017-03-23,F,1955,Baby Boomers
339,340,2017-03-25,F,1955,Baby Boomers
340,341,2017-03-27,F,1955,Baby Boomers
341,342,2017-03-29,F,1955,Baby Boomers
342,343,2017-03-31,F,1955,Baby Boomers
343,344,2017-04-02,F,1955,Baby Boomers
344,345,2017-04-05,F,1955,Baby Boomers
345,346,2017-04-07,F,1956,Baby Boomers
346,347,2017-04-09,F,1956,Baby Boomers
347,348,2017-04-11,F,1956,Baby Boomers
348,349,2017-04-13,F,1956,Baby Boomers
349,350,2017-04-15,F,1956,Baby Boomers
350,351,2017-04-17,F,1956,Baby Boomers
351,352,2017-04-19,F,1956,Baby Boomers
352,353,2017-04-21,F,1956,Baby Boomers
353,354,2017-04-23,F,1957,Baby Boomers
354,355,2017-04-25,F,1957,Baby Boomers
355,356,2017-04-27,F,1957,Baby Boomers
356,357,2017-04-29,F,1957,Baby Boomers
357,358,2017-05-01,F,1957,Baby Boomers
358,359,2017-05-03,F,1957,Baby Boomers
359,360,2017-05-06,F,1957,Baby Boomers
360,361,2017-05-08,F,1958,Baby Boomers
361,362,2017-05-10,F,1958,Baby Boomers
362,363,2017-05-12,F,1958,Baby Boomers
363,364,2017-05-14,F,1958,Baby Boomers
364,365,2017-05-16,F,1958,Baby Boomers
365,366,2017-05-18,F,1958,Baby Boomers
366,367,2017-05-20,F,1958,Baby Boomers
367,368,2017-05-22,F,1958,Baby Boomers
368,369,2017-05-24,F,1959,Baby Boomers
369,370,2017-05-26,F,1959,Baby Boomers
370,371,2017-05-28,F,1959,Baby Boomers
371,372,2017-05-30,F,1959,Baby Boomers
372,373,2017-06-01,F,1959,Baby Boomers
373,374,2017-06-03,F,1959,Baby Boomers
374,375,2017-06-06,F,1959,Baby Boomers
375,376,2017-06-08,F,1959,Baby Boomers
376,377,2017-06-10,F,1960,Baby Boomers
377,378,2017-06-12,F,1960,Baby Boomers
378,379,2017-06-14,F,1960,Baby Boomers
379,380,2017-06-16,F,1960,Baby Boomers
380,381,2017-06-18,F,1960,Baby Boomers
381,382,2017-06-20,F,1960,Baby Boomers
382,383,2017-06-22,F,1960,Baby Boomers
383,384,2017-06-24,F,1960,Baby Boomers
384,385,2017-06-26,F,1961,Baby Boomers
385,386,2017-06-28,F,1961,Baby Boomers
386,387,2017-06-30,F,1961,Baby Boomers
387,388,2017-07-02,F,1961,Baby Boomers
388,389,2017-07-05,F,1961,Baby Boomers
389,390,2017-07-07,F,1961,Baby Boomers
390,391,2017-07-09,F,1961,Baby Boomers
391,392,2017-07-11,F,1961,Baby Boomers
392,393,2017-07-13,F,1962,Baby Boomers
393,394,2017-07-15,F,1962,Baby Boomers
394,395,2017-07-17,F,1962,Baby Boomers
395,396,2017-07-19,F,1962,Baby Boomers
396,397,2017-07-21,F,1962,Baby Boomers
397,398,2017-07-23,F,1962,Baby Boomers
398,399,2017-07-25,F,1962,Baby Boomers
399,400,2017-07-27,F,1962,Baby Boomers
400,401,2017-07-29,F,1963,Baby Boomers
401,402,2017-07-31,F,1963,Baby Boomers
402,403,2017-08-02,F,1963,Baby Boomers
403,404,2017-08-05,F,1963,Baby Boomers
404,405,2017-08-07,F,1963,Baby Boomers
405,406,2017-08-09,F,1963,Baby Boomers
406,407,2017-08-11,F,1963,Baby Boomers
407,408,2017-08-13,F,1964,Baby Boomers
408,409,2017-08-15,F,1964,Baby Boomers
409,410,2017-08-17,F,1964,Baby Boomers
410,411,2017-08-19,F,1964,Baby Boomers
411,412,2017-08-21,F,1964,Baby Boomers
412,413,2017-08-23,F,1964,Baby Boomers
413,414,2017-08-25,F,1964,Baby Boomers
414,415,2017-08-27,F,1964,Baby Boomers
415,416,2017-08-29,F,1965,Gen X
416,417,2017-08-31,F,1965,Gen X
417,418,2017-09-02,F,1965,Gen X
418,419,2017-09-05,F,1965,Gen X
419,420,2017-09-07,F,1965,Gen X
420,421,2017-09-09,F,1965,Gen X
421,422,2017-09-11,F,1965,Gen X
422,423,2017-09-13,F,1965,Gen X
423,424,2017-09-15,F,1966,Gen X
424,425,2017-09-17,F,1966,Gen X
425,426,2017-09-19,F,1966,Gen X
426,427,2017-09-21,F,1966,Gen X
427,428,2017-09-23,F,1966,Gen X
428,429,2017-09-25,F,1966,Gen X
429,430,2017-09-27,F,1966,Gen X
430,431,2017-09-29,F,1966,Gen X
431,432,2017-10-01,F,1967,Gen X
432,433,2017-10-03,F,1967,Gen X
433,434,2017-10-06,F,1967,Gen X
434,435,2017-10-08,F,1967,Gen X
435,436,2017-10-10,F,1967,Gen X
436,437,2017-10-12,F,1967,Gen X
437,438,2017-10-14,F,1967,Gen X
438,439,2017-10-16,F,1967,Gen X
439,440,2017-10-18,F,1968,Gen X
440,441,2017-10-20,F,1968,Gen X
441,442,2017-10-22,F,1968,Gen X
442,443,2017-10-24,F,1968,Gen X
443,444,2017-10-26,F,1968,Gen X
444,445,2017-10-28,F,1968,Gen X
445,446,2017-10-30,F,1968,Gen X
446,447,2017-11-01,F,1968,Gen X
447,448,2017-11-03,F,1969,Gen X
448,449,2017-11-06,F,1969,Gen X
449,450,2017-11-08,F,1969,Gen X
450,451,2017-11-10,F,1969,Gen X
451,452,2017-11-12,F,1969,Gen X
452,453,2017-11-14,F,1969,Gen X
453,454,2017-11-16,F,1969,Gen X
454,455,2017-11-18,F,1970,Gen X
455,456,2017-11-20,F,1970,Gen X
456,457,2017-11-22,F,1970,Gen X
457,458,2017-11-24,F,1970,Gen X
458,459,2017-11-26,F,1970,Gen X
459,460,2017-11-28,F,1970,Gen X
460,461,2017-11-30,F,1970,Gen X
461,462,2017-12-02,F,1970,Gen X
462,463,2017-12-05,F,1971,Gen X
463,464,2017-12-07,F,1971,Gen X
464,465,2017-12-09,F,1971,Gen X
465,466,2017-12-11,F,1971,Gen X
466,467,2017-12-13,F,1971,Gen X
467,468,2017-12-15,F,1971,Gen X
468,469,2017-12-17,F,1971,Gen X
469,470,2017-12-19,F,1971,Gen X
470,471,2017-12-21,F,1972,Gen X
471,472,2017-12-23,F,1972,Gen X
472,473,2017-12-25,F,1972,Gen X
473,474,2017-12-27,F,1972,Gen X
474,475,2017-12-29,F,1972,Gen X
475,476,2017-12-31,F,1972,Gen X
476,477,2018-01-02,F,1972,Gen X
477,478,2018-01-05,F,1972,Gen X
478,479,2018-01-07,F,1973,Gen X
479,480,2018-01-09,F,1973,Gen X
480,481,2018-01-11,F,1973,Gen X
481,482,2018-01-13,F,1973,Gen X
482,483,2018-01-15,F,1973,Gen X
483,484,2018-01-17,F,1973,Gen X
484,485,2018-01-19,F,1973,Gen X
485,486,2018-01-21,F,1973,Gen X
486,487,2018-01-23,F,1974,Gen X
487,488,2018-01-25,F,1974,Gen X
488,489,2018-01-27,F,1974,Gen X
489,490,2018-01-29,F,1974,Gen X
490,491,2018-01-31,F,1974,Gen X
491,492,2018-02-02,F,1974,Gen X
492,493,2018-02-05,F,1974,Gen X
493,494,2018-02-07,F,1974,Gen X
494,495,2018-02-09,F,1975,Gen X
495,496,2018-02-11,F,1975,Gen X
496,497,2018-02-13,F,1975,Gen X
497,498,2018-02-15,F,1975,Gen X
498,499,2018-02-17,F,1975,Gen X
499,500,2018-02-19,F,1975,Gen X
500,501,2018-02-21,F,1975,Gen X
501,502,2018-02-23,F,1976,Gen X
502,503,2018-02-25,F,1976,Gen X
503,504,2018-02-27,F,1976,Gen X
504,505,2018-03-01,F,1976,Gen X
505,506,2018-03-03,F,1976,Gen X
506,507,2018-03-05,F,1976,Gen X
507,508,2018-03-08,F,1976,Gen X
508,509,2018-03-10,F,1976,Gen X
509,510,2018-03-12,F,1977,Gen X
510,511,2018-03-14,F,1977,Gen X
511,512,2018-03-16,F,1977,Gen X
512,513,2018-03-18,F,1977,Gen X
513,514,2018-03-20,F,1977,Gen X
514,515,2018-03-22,F,1977,Gen X
515,516,2018-03-24,F,1977,Gen X
516,517,2018-03-26,F,1977,Gen X
517,518,2018-03-28,F,1978,Gen X
518,519,2018-03-30,F,1978,Gen X
519,520,2018-04-01,F,1978,Gen X
520,521,2018-04-03,F,1978,Gen X
521,522,2018-04-05,F,1978,Gen X
522,523,2018-04-08,F,1978,Gen X
523,524,2018-04-10,F,1978,Gen X
524,525,2018-04-12,F,1978,Gen X
525,526,2018-04-14,F,1979,Gen X
526,527,2018-04-16,F,1979,Gen X
527,528,2018-04-18,F,1979,Gen X
528,529,2018-04-20,F,1979,Gen X
529,530,2018-04-22,F,1979,Gen X
530,531,2018-04-24,F,1979,Gen X
531,532,2018-04-26,F,1979,Gen X
532,533,2018-04-28,F,1979,Gen X
533,534,2018-04-30,F,1980,Older Millennials
534,535,2018-05-02,F,1980,Older Millennials
535,536,2018-05-04,F,1980,Older Millennials
536,537,2018-05-06,F,1980,Older Millennials
537,538,2018-05-09,F,1980,Older Millennials
538,539,2018-05-11,F,1980,Older Millennials
539,540,2018-05-13,F,1980,Older Millennials
540,541,2018-05-15,F,1980,Older Millennials
541,542,2018-05-17,F,1981,Older Millennials
542,543,2018-05-19,F,1981,Older Millennials
543,544,2018-05-21,F,1981,Older Millennials
544,545,2018-05-23,F,1981,Older Millennials
545,546,2018-05-25,F,1981,Older Millennials
546,547,2018-05-27,F,1981,Older Millennials
547,548,2018-05-29,F,1981,Older Millennials
548,549,2018-05-31,F,1982,Older Millennials
549,550,2018-06-02,F,1982,Older Millennials
550,551,2018-06-04,F,1982,Older Millennials
551,552,2018-06-07,F,1982,Older Millennials
552,553,2018-06-09,F,1982,Older Millennials
553,554,2018-06-11,F,1982,Older Millennials
554,555,2018-06-13,F,1982,Older Millennials
555,556,2018-06-15,F,1982,Older Millennials
556,557,2018-06-17,F,1983,Older Millennials
557,558,2018-06-19,F,1983,Older Millennials
558,559,2018-06-21,F,1983,Older Millennials
559,560,2018-06-23,F,1983,Older Millennials
560,561,2018-06-25,F,1983,Older Millennials
561,562,2018-06-27,F,1983,Older Millennials
562,563,2018-06-29,F,1983,Older Millennials
563,564,2018-07-01,F,1983,Older Millennials
564,565,2018-07-03,F,1984,Older Millennials
565,566,2018-07-05,F,1984,Older Millennials
566,567,2018-07-08,F,1984,Older Millennials
567,568,2018-07-10,F,1984,Older Millennials
568,569,2018-07-12,F,1984,Older Millennials
569,570,2018-07-14,F,1984,Older Millennials
570,571,2018-07-16,F,1984,Older Millennials
571,572,2018-07-18,F,1984,Older Millennials
572,573,2018-07-20,F,1985,Older Millennials
573,574,2018-07-22,F,1985,Older Millennials
574,575,2018-07-24,F,1985,Older Millennials
575,576,2018-07-26,F,1985,Older Millennials
576,577,2018-07-28,F,1985,Older Millennials
577,578,2018-07-30,F,1985,Older Millennials
578,579,2018-08-01,F,1985,Older Millennials
579,580,2018-08-03,F,1985,Older Millennials
580,581,2018-08-05,F,1986,Older Millennials
581,582,2018-08-08,F,1986,Older Millennials
582,583,2018-08-10,F,1986,Older Millennials
583,584,2018-08-12,F,1986,Older Millennials
584,585,2018-08-14,F,1986,Older Millennials
585,586,2018-08-16,F,1986,Older Millennials
586,587,2018-08-18,F,1986,Older Millennials
587,588,2018-08-20,F,1986,Older Millennials
588,589,2018-08-22,F,1987,Older Millennials
589,590,2018-08-24,F,1987,Older Millennials
590,591,2018-08-26,F,1987,Older Millennials
591,592,2018-08-28,F,1987,Older Millennials
592,593,2018-08-30,F,1987,Older Millennials
593,594,2018-09-01,F,1987,Older Millennials
594,595,2018-09-03,F,1987,Older Millennials
595,596,2018-09-05,F,1988,Older Millennials
596,597,2018-09-08,F,1988,Older Millennials
597,598,2018-09-10,F,1988,Older Millennials
598,599,2018-09-12,F,1988,Older Millennials
599,600,2018-09-14,F,1988,Older Millennials
600,601,2018-09-16,F,1988,Older Millennials
601,602,2018-09-18,F,1988,Older Millennials
602,603,2018-09-20,F,1988,Older Millennials
603,604,2018-09-22,F,1989,Older Millennials
604,605,2018-09-24,F,1989,Older Millennials
605,606,2018-09-26,F,1989,Older Millennials
606,607,2018-09-28,F,1989,Older Millennials
607,608,2018-09-30,F,1989,Older Millennials
608,609,2018-10-02,F,1989,Older Millennials
609,610,2018-10-04,F,1989,Older Millennials
610,611,2018-10-06,F,1989,Older Millennials
611,612,2018-10-09,F,1990,Younger Millennials
612,613,2018-10-11,F,1990,Younger Millennials
613,614,2018-10-13,F,1990,Younger Millennials
614,615,2018-10-15,F,1990,Younger Millennials
615,616,2018-10-17,F,1990,Younger Millennials
616,617,2018-10-19,F,1990,Younger Millennials
617,618,2018-10-21,F,1990,Younger Millennials
618,619,2018-10-23,F,1990,Younger Millennials
619,620,2018-10-25,F,1991,Younger Millennials
620,621,2018-10-27,F,1991,Younger Millennials
621,622,2018-10-29,F,1991,Younger Millennials
622,623,2018-10-31,F,1991,Younger Millennials
623,624,2018-11-02,F,1991,Younger Millennials
624,625,2018-11-04,F,1991,Younger Millennials
625,626,2018-11-07,F,1991,Younger Millennials
626,627,2018-11-09,F,1991,Younger Millennials
627,628,2018-11-11,F,1992,Younger Millennials
628,629,2018-11-13,F,1992,Younger Millennials
629,630,2018-11-15,F,1992,Younger Millennials
630,631,2018-11-17,F,1992,Younger Millennials
631,632,2018-11-19,F,1992,Younger Millennials
632,633,2018-11-21,F,1992,Younger Millennials
633,634,2018-11-23,F,1992,Younger Millennials
634,635,2018-11-25,F,1992,Younger Millennials
635,636,2018-11-27,F,1993,Younger Millennials
636,637,2018-11-29,F,1993,Younger Millennials
637,638,2018-12-01,F,1993,Younger Millennials
638,639,2018-12-03,F,1993,Younger Millennials
639,640,2018-12-05,F,1993,Younger Millennials
640,641,2018-12-08,F,1993,Younger Millennials
641,642,2018-12-10,F,1993,Younger Millennials
642,643,2018-12-12,F,1993,Younger Millennials
643,644,2018-12-14,F,1994,Younger Millennials
644,645,2018-12-16,F,1994,Younger Millennials
645,646,2018-12-18,F,1994,Younger Millennials
646,647,2018-12-20,F,1994,Younger Millennials
647,648,2018-12-22,F,1994,Younger Millennials
648,649,2018-12-24,F,1994,Younger Millennials
649,650,2018-12-26,F,1994,Younger Millennials
650,651,2018-12-28,F,1995,Gen Z
651,652,2018-12-30,F,1995,Gen Z
652,653,2019-01-01,F,1995,Gen Z
653,654,2019-01-03,F,1995,Gen Z
654,655,2019-01-05,F,1995,Gen Z
655,656,2019-01-08,F,1995,Gen Z
656,657,2019-01-10,F,1995,Gen Z
657,658,2019-01-12,F,1995,Gen Z
658,659,2019-01-14,F,1996,Gen Z
659,660,2019-01-16,F,1996,Gen Z
660,661,2019-01-18,F,1996,Gen Z
661,662,2019-01-20,F,1996,Gen Z
662,663,2019-01-22,F,1996,Gen Z
663,664,2019-01-24,F,1996,Gen Z
664,665,2019-01-26,F,1996,Gen Z
665,666,2019-01-28,F,1996,Gen Z
666,667,2019-01-30,F,1997,Gen Z
667,668,2019-02-01,F,1997,Gen Z
668,669,2019-02-03,F,1997,Gen Z
669,670,2019-02-05,F,1997,Gen Z
670,671,2019-02-08,F,1997,Gen Z
671,672,2019-02-10,F,1997,Gen Z
672,673,2019-02-12,F,1997,Gen Z
673,674,2019-02-14,F,1997,Gen Z
674,675,2019-02-16,F,1998,Gen Z
675,676,2019-02-18,F,1998,Gen Z
676,677,2019-02-20,F,1998,Gen Z
677,678,2019-02-22,F,1998,Gen Z
678,679,2019-02-24,F,1998,Gen Z
679,680,2019-02-26,F,1998,Gen Z
680,681,2019-02-28,F,1998,Gen Z
681,682,2019-03-02,F,1998,Gen Z
682,683,2019-03-04,F,1999,Gen Z
683,684,2019-03-06,F,1999,Gen Z
684,685,2019-03-08,F,1999,Gen Z
685,686,2019-03-11,F,1999,Gen Z
686,687,2019-03-13,F,1999,Gen Z
687,688,2019-03-15,F,1999,Gen Z
688,689,2019-03-17,F,1999,Gen Z
689,690,2019-03-19,F,1999,Gen Z
690,691,2019-03-21,F,2000,Gen Z
691,692,2019-03-23,F,2000,Gen Z
692,693,2019-03-25,F,2000,Gen Z
693,694,2019-03-27,F,2000,Gen Z
694,695,2019-03-29,F,2000,Gen Z
695,696,2019-03-31,F,2000,Gen Z
696,697,2019-04-02,F,2000,Gen Z
697,698,2019-04-04,F,2001,Gen Z
698,699,2019-04-06,F,2001,Gen Z
699,700,2019-04-09,F,2001,Gen Z
700,701,2017-01-10,N,1950,Baby Boomers
701,702,2017-01-18,N,1951,Baby Boomers
702,703,2017-01-26,N,1951,Baby Boomers
703,704,2017-02-04,N,1952,Baby Boomers
704,705,2017-02-12,N,1952,Baby Boomers
705,706,2017-02-20,N,1953,Baby Boomers
706,707,2017-02-28,N,1953,Baby Boomers
707,708,2017-03-09,N,1954,Baby Boomers
708,709,2017-03-17,N,1954,Baby Boomers
709,710,2017-03-25,N,1955,Baby Boomers
710,711,2017-04-02,N,1955,Baby Boomers
711,712,2017-04-11,N,1956,Baby Boomers
712,713,2017-04-19,N,1956,Baby Boomers
713,714,2017-04-27,N,1957,Baby Boomers
714,715,2017-05-06,N,1957,Baby Boomers
715,716,2017-05-14,N,1958,Baby Boomers
716,717,2017-05-22,N,1958,Baby Boomers
717,718,2017-05-30,N,1959,Baby Boomers
718,719,2017-06-08,N,1959,Baby Boomers
719,720,2017-06-16,N,1960,Baby Boomers
720,721,2017-06-24,N,1960,Baby Boomers
721,722,2017-07-02,N,1961,Baby Boomers
722,723,2017-07-11,N,1961,Baby Boomers
723,724,2017-07-19,N,1962,Baby Boomers
724,725,2017-07-27,N,1962,Baby Boomers
725,726,2017-08-05,N,1963,Baby Boomers
726,727,2017-08-13,N,1964,Baby Boomers
727,728,2017-08-21,N,1964,Baby Boomers
728,729,2017-08-29,N,1965,Gen X
729,730,2017-09-07,N,1965,Gen X
730,731,2017-09-15,N,1966,Gen X
731,732,2017-09-23,N,1966,Gen X
732,733,2017-10-01,N,1967,Gen X
733,734,2017-10-10,N,1967,Gen X
734,735,2017-10-18,N,1968,Gen X
735,736,2017-10-26,N,1968,Gen X
736,737,2017-11-03,N,1969,Gen X
737,738,2017-11-12,N,1969,Gen X
738,739,2017-11-20,N,1970,Gen X
739,740,2017-11-28,N,1970,Gen X
740,741,2017-12-07,N,1971,Gen X
741,742,2017-12-15,N,1971,Gen X
742,743,2017-12-23,N,1972,Gen X
743,744,2017-12-31,N,1972,Gen X
744,745,2018-01-09,N,1973,Gen X
745,746,2018-01-17,N,1973,Gen X
746,747,2018-01-25,N,1974,Gen X
747,748,2018-02-02,N,1974,Gen X
748,749,2018-02-11,N,1975,Gen X
749,750,2018-02-19,N,1975,Gen X
750,751,2018-02-27,N,1976,Gen X
751,752,2018-03-08,N,1976,Gen X
752,753,2018-03-16,N,1977,Gen X
753,754,2018-03-24,N,1977,Gen X
754,755,2018-04-01,N,1978,Gen X
755,756,2018-04-10,N,1978,Gen X
756,757,2018-04-18,N,1979,Gen X
757,758,2018-04-26,N,1979,Gen X
758,759,2018-05-04,N,1980,Older Millennials
759,760,2018-05-13,N,1980,Older Millennials
760,761,2018-05-21,N,1981,Older Millennials
761,762,2018-05-29,N,1981,Older Millennials
762,763,2018-06-07,N,1982,Older Millennials
763,764,2018-06-15,N,1982,Older Millennials
764,765,2018-06-23,N,1983,Older Millennials
765,766,2018-07-01,N,1983,Older Millennials
766,767,2018-07-10,N,1984,Older Millennials
767,768,2018-07-18,N,1984,Older Millennials
768,769,2018-07-26,N,1985,Older Millennials
769,770,2018-08-03,N,1985,Older Millennials
770,771,2018-08-12,N,1986,Older Millennials
771,772,2018-08-20,N,1986,Older Millennials
772,773,2018-08-28,N,1987,Older Millennials
773,774,2018-09-05,N,1988,Older Millennials
774,775,2018-09-14,N,1988,Older Millennials
775,776,2018-09-22,N,1989,Older Millennials
776,777,2018-09-30,N,1989,Older Millennials
777,778,2018-10-09,N,1990,Younger Millennials
778,779,2018-10-17,N,1990,Younger Millennials
779,780,2018-10-25,N,1991,Younger Millennials
780,781,2018-11-02,N,1991,Younger Millennials
781,782,2018-11-11,N,1992,Younger Millennials
782,783,2018-11-19,N,1992,Younger Millennials
783,784,2018-11-27,N,1993,Younger Millennials
784,785,2018-12-05,N,1993,Younger Millennials
785,786,2018-12-14,N,1994,Younger Millennials
786,787,2018-12-22,N,1994,Younger Millennials
787,788,2018-12-30,N,1995,Gen Z
788,789,2019-01-08,N,1995,Gen Z
789,790,2019-01-16,N,1996,Gen Z
790,791,2019-01-24,N,1996,Gen Z
791,792,2019-02-01,N,1997,Gen Z
792,793,2019-02-10,N,1997,Gen Z
793,794,2019-02-18,N,1998,Gen Z
794,795,2019-02-26,N,1998,Gen Z
795,796,2019-03-06,N,1999,Gen Z
796,797,2019-03-15,N,1999,Gen Z
797,798,2019-03-23,N,2000,Gen Z
798,799,2019-03-31,N,2000,Gen Z
799,800,2019-04-09,N,2001,Gen Z
800,5001,2017-06-05,N,1984,Older Millennials
801,5002,2018-03-04,N,1991,Younger Millennials
802,5003,2018-02-20,N,1990,Younger Millennials
803,5004,2018-06-14,F,1982,Older Millennials
804,5005,2018-04-23,N,1992,Younger Millennials
805,5006,2018-10-12,N,1996,Gen Z
806,5007,2017-04-24,N,1983,Older Millennials
807,5008,2017-10-16,F,1967,Gen X
808,5009,2019-03-01,M,1998,Gen Z
809,5010,2017-08-22,M,1964,Baby Boomers
810,5011,2018-08-15,F,1986,Older Millennials
811,5012,2017-06-30,F,1961,Baby Boomers
812,5013,2017-08-21,N,1986,Older Millennials
813,5014,2018-03-26,M,1977,Gen X
814,5015,2017-09-23,F,1966,Gen X
815,5016,2018-11-17,N,1997,Gen Z
816,5017,2019-01-25,N,1999,Gen Z
817,5018,2017-02-07,F,1952,Baby Boomers
818,5019,2018-04-04,N,1991,Younger Millennials
819,5020,2017-11-10,M,1969,Gen X
820,5021,2018-03-05,F,1976,Gen X
821,5022,2017-09-09,N,1986,Older Millennials
822,5023,2017-11-14,M,1969,Gen X
823,5024,2017-03-21,N,1982,Older Millennials
824,5025,2017-01-18,N,1980,Older Millennials
825,5026,2017-10-20,M,1968,Gen X
826,5027,2018-08-19,F,1986,Older Millennials
827,5028,2017-07-21,N,1985,Older Millennials
828,5029,2019-02-12,M,1997,Gen Z
829,5030,2017-08-08,F,1963,Baby Boomers
830,5031,2018-08-27,N,1995,Gen Z
831,5032,2018-03-23,F,1977,Gen X
832,5033,2018-02-10,F,1975,Gen X
833,5034,2017-10-11,F,1967,Gen X
834,5035,2018-04-06,N,1991,Younger Millennials
835,5036,2017-02-02,M,1952,Baby Boomers
836,5037,2019-03-14,F,1999,Gen Z
837,5038,2018-06-17,M,1983,Older Millennials
838,5039,2018-03-05,M,1976,Gen X
839,5040,2018-06-29,N,1994,Younger Millennials
840,5041,2017-12-12,M,1971,Gen X
841,5042,2017-09-14,N,1986,Older Millennials
842,5043,2017-12-15,M,1971,Gen X
843,5044,2017-07-27,F,1962,Baby Boomers
844,5045,2019-04-09,M,2001,Gen Z
845,5046,2017-11-14,N,1988,Older Millennials
846,5047,2017-05-31,M,1959,Baby Boomers
847,5048,2019-04-04,N,2001,Gen Z
848,5049,2018-05-31,N,1993,Younger Millennials
849,5050,2018-06-30,F,1983,Older Millennials
850,5051,2018-02-13,N,1990,Younger Millennials
851,5052,2018-02-21,F,1975,Gen X
852,5053,2019-01-04,F,1995,Gen Z
853,5054,2018-11-14,N,1997,Gen Z
854,5055,2017-06-07,F,1959,Baby Boomers
855,5056,2017-07-22,M,1962,Baby Boomers
856,5057,2019-02-25,N,2000,Gen Z
857,5058,2018-04-02,M,1978,Gen X
858,5059,2019-02-28,F,1998,Gen Z
859,5060,2018-01-16,F,1973,Gen X
860,5061,2017-12-17,F,1971,Gen X
861,5062,2018-03-12,F,1977,Gen X
862,5063,2019-03-01,N,2000,Gen Z
863,5064,2018-06-14,M,1982,Older Millennials
864,5065,2017-09-04,F,1965,Gen X
865,5066,2018-04-16,M,1979,Gen X
866,5067,2017-01-28,N,1980,Older Millennials
867,5068,2017-08-10,F,1963,Baby Boomers
868,5069,2018-02-16,M,1975,Gen X
869,5070,2018-05-22,F,1981,Older Millennials
870,5071,2017-12-01,M,1970,Gen X
871,5072,2017-03-02,N,1981,Older Millennials
872,5073,2017-11-19,F,1970,Gen X
873,5074,2018-02-19,F,1975,Gen X
874,5075,2017-05-17,N,1983,Older Millennials
875,5076,2018-12-26,F,1994,Younger Millennials
876,5077,2018-02-25,N,1990,Younger Millennials
877,5078,2017-04-14,N,1982,Older Millennials
878,5079,2017-01-31,F,1952,Baby Boomers
879,5080,2018-09-26,M,1989,Older Millennials
880,5081,2018-05-15,N,1992,Younger Millennials
881,5082,2017-11-24,M,1970,Gen X
882,5083,2019-02-10,N,1999,Gen Z
883,5084,2018-06-03,N,1993,Younger Millennials
884,5085,2017-09-02,M,1965,Gen X
885,5086,2018-07-14,F,1984,Older Millennials
886,5087,2018-12-24,F,1994,Younger Millennials
887,5088,2018-04-22,F,1979,Gen X
888,5089,2017-08-19,F,1964,Baby Boomers
889,5090,2018-11-14,M,1992,Younger Millennials
890,5091,2017-01-11,N,1980,Older Millennials
891,5092,2018-08-06,F,1986,Older Millennials
892,5093,2018-11-07,M,1991,Younger Millennials
893,5094,2017-04-05,M,1956,Baby Boomers
894,5095,2017-09-23,M,1966,Gen X
895,5096,2018-04-08,F,1978,Gen X
896,5097,2017-10-22,N,1987,Older Millennials
897,5098,2018-10-21,F,1990,Younger Millennials
898,5099,2018-05-15,F,1980,Older Millennials
899,5100,2017-12-22,M,1972,Gen X
900,5101,2017-01-22,F,1951,Baby Boomers
901,5102,2018-07-13,N,1994,Younger Millennials
902,5103,2017-04-30,M,1957,Baby Boomers
903,5104,2018-08-19,M,1986,Older Millennials
904,5105,2018-08-08,F,1986,Older Millennials
905,5106,2019-01-11,F,1995,Gen Z
906,5107,2017-10-17,M,1968,Gen X
907,5108,2018-01-20,N,1989,Older Millennials
908,5109,2017-10-18,F,1968,Gen X
909,5110,2018-12-01,N,1997,Gen Z
910,5111,2018-04-02,N,1991,Younger Millennials
911,5112,2017-08-15,M,1964,Baby Boomers
912,5113,2017-01-25,N,1980,Older Millennials
913,5114,2018-10-02,N,1996,Gen Z
914,5115,2017-01-21,N,1980,Older Millennials
915,5116,2017-08-12,M,1963,Baby Boomers
916,5117,2017-12-27,N,1989,Older Millennials
917,5118,2019-03-17,F,1999,Gen Z
918,5119,2017-03-31,N,1982,Older Millennials
919,5120,2019-03-20,N,2000,Gen Z
920,5121,2018-11-10,F,1992,Younger Millennials
921,5122,2017-05-19,F,1958,Baby Boomers
922,5123,2019-04-02,F,2000,Gen Z
923,5124,2017-12-08,M,1971,Gen X
924,5125,2018-05-24,N,1993,Younger Millennials
925,5126,2017-05-10,F,1958,Baby Boomers
926,5127,2018-07-16,F,1984,Older Millennials
927,5128,2018-02-08,N,1990,Younger Millennials
928,5129,2017-02-01,N,1981,Older Millennials
929,5130,2017-07-30,N,1985,Older Millennials
930,5131,2017-04-16,M,1956,Baby Boomers
931,5132,2018-07-29,M,1985,Older Millennials
932,5133,2017-05-05,N,1983,Older Millennials
933,5134,2018-12-04,M,1993,Younger Millennials
934,5135,2019-01-18,F,1996,Gen Z
935,5136,2019-03-26,M,2000,Gen Z
936,5137,2017-06-23,F,1960,Baby Boomers
937,5138,2019-03-08,M,1999,Gen Z
938,5139,2017-09-30,N,1987,Older Millennials
939,5140,2018-11-24,N,1997,Gen Z
940,5141,2018-09-16,N,1996,Gen Z
941,5142,2019-03-16,N,2000,Gen Z
942,5143,2018-01-29,M,1974,Gen X
943,5144,2019-03-03,F,1999,Gen Z
944,5145,2018-09-09,F,1988,Older Millennials
945,5146,2018-10-17,N,1996,Gen Z
946,5147,2018-11-27,M,1993,Younger Millennials
947,5148,2018-11-26,F,1993,Younger Millennials
948,5149,2017-06-14,F,1960,Baby Boomers
949,5150,2018-12-11,M,1993,Younger Millennials
950,5151,2017-10-26,N,1987,Older Millennials
951,5152,2017-05-20,M,1958,Baby Boomers
952,5153,2017-02-23,F,1953,Baby Boomers
953,5154,2018-10-21,N,1996,Gen Z
954,5155,2018-08-25,N,1995,Gen Z
955,5156,2019-02-19,M,1998,Gen Z
956,5157,2017-09-19,M,1966,Gen X
957,5158,2018-05-22,N,1993,Younger Millennials
958,5159,2018-05-27,M,1981,Older Millennials
959,5160,2018-06-12,F,1982,Older Millennials
960,5161,2017-04-04,N,1982,Older Millennials
961,5162,2018-10-27,F,1991,Younger Millennials
962,5163,2018-07-08,N,1994,Younger Millennials
963,5164,2018-08-08,N,1995,Gen Z
964,5165,2017-03-02,M,1953,Baby Boomers
965,5166,2018-09-22,M,1989,Older Millennials
966,5167,2017-08-18,N,1986,Older Millennials
967,5168,2018-07-30,N,1994,Younger Millennials
968,5169,2018-08-01,F,1985,Older Millennials
969,5170,2017-02-28,F,1953,Baby Boomers
970,5171,2017-07-16,F,1962,Baby Boomers
971,5172,2017-04-19,F,1956,Baby Boomers
972,5173,2017-04-12,M,1956,Baby Boomers
973,5174,2017-02-09,N,1981,Older Millennials
974,5175,2017-01-22,M,1951,Baby Boomers
975,5176,2017-05-03,N,1983,Older Millennials
976,5177,2018-09-23,F,1989,Older Millennials
977,5178,2017-12-15,N,1989,Older Millennials
978,5179,2018-08-15,M,1986,Older Millennials
979,5180,2018-11-19,N,1997,Gen Z
980,5181,2017-06-14,M,1960,Baby Boomers
981,5182,2018-11-15,F,1992,Younger Millennials
982,5183,2017-06-25,F,1961,Baby Boomers
983,5184,2019-01-22,M,1996,Gen Z
984,5185,2019-03-28,F,2000,Gen Z
985,5186,2018-06-25,F,1983,Older Millennials
986,5187,2018-12-01,F,1993,Younger Millennials
987,5188,2017-10-04,F,1967,Gen X
988,5189,2017-08-26,F,1964,Baby Boomers
989,5190,2018-02-22,M,1975,Gen X
990,5191,2017-03-14,N,1982,Older Millennials
991,5192,2017-04-19,N,1982,Older Millennials
992,5193,2018-01-06,F,1973,Gen X
993,5194,2019-03-25,N,2000,Gen Z
994,5195,2018-05-17,F,1981,Older Millennials
995,5196,2017-04-09,N,1982,Older Millennials
996,5197,2018-08-26,M,1987,Older Millennials
997,5198,2018-08-17,F,1986,Older Millennials
998,5199,2018-07-27,N,1994,Younger Millennials
999,5200,2017-06-07,M,1959,Baby Boomers
1000,5201,2018-12-10,N,1998,Gen Z
1001,5202,2017-12-25,N,1989,Older Millennials
1002,5203,2017-06-10,M,1960,Baby Boomers
1003,5204,2017-09-02,F,1965,Gen X
1004,5205,2019-02-27,N,2000,Gen Z
1005,5206,2018-04-17,F,1979,Gen X
1006,5207,2018-08-22,F,1987,Older Millennials
1007,5208,2019-01-15,M,1996,Gen Z
1008,5209,2018-03-22,M,1977,Gen X
1009,5210,2018-06-05,N,1993,Younger Millennials
1010,5211,2018-07-01,N,1994,Younger Millennials
1011,5212,2018-01-13,F,1973,Gen X
1012,5213,2018-05-08,F,1980,Older Millennials
1013,5214,2017-04-02,M,1955,Baby Boomers
1014,5215,2017-04-12,N,1982,Older Millennials
1015,5216,2018-02-05,F,1974,Gen X
1016,5217,2018-01-01,M,1972,Gen X
1017,5218,2018-07-28,F,1985,Older Millennials
1018,5219,2017-07-07,F,1961,Baby Boomers
1019,5220,2017-10-23,F,1968,Gen X
1020,5221,2018-10-19,N,1996,Gen Z
1021,5222,2017-08-04,N,1985,Older Millennials
1022,5223,2017-08-09,N,1985,Older Millennials
1023,5224,2018-12-15,F,1994,Younger Millennials
1024,5225,2018-07-25,N,1994,Younger Millennials
1025,5226,2018-05-19,N,1993,Younger Millennials
1026,5227,2017-09-30,F,1966,Gen X
1027,5228,2017-01-06,F,1950,Baby Boomers
1028,5229,2018-03-21,F,1977,Gen X
1029,5230,2019-03-30,N,2001,Gen Z
1030,5231,2018-06-17,N,1993,Younger Millennials
1031,5232,2017-11-07,N,1988,Older Millennials
1032,5233,2019-01-15,N,1999,Gen Z
1033,5234,2017-05-27,M,1959,Baby Boomers
1034,5235,2017-07-19,M,1962,Baby Boomers
1035,5236,2018-03-26,N,1991,Younger Millennials
1036,5237,2017-02-09,M,1952,Baby Boomers
1037,5238,2018-12-25,N,1998,Gen Z
1038,5239,2018-10-09,N,1996,Gen Z
1039,5240,2018-07-20,N,1994,Younger Millennials
1040,5241,2017-01-27,F,1951,Baby Boomers
1041,5242,2018-09-18,N,1996,Gen Z
1042,5243,2017-05-13,N,1983,Older Millennials
1043,5244,2017-08-31,F,1965,Gen X
1044,5245,2018-07-22,M,1985,Older Millennials
1045,5246,2017-02-16,M,1953,Baby Boomers
1046,5247,2018-04-14,N,1992,Younger Millennials
1047,5248,2017-03-29,M,1955,Baby Boomers
1048,5249,2017-12-06,N,1988,Older Millennials
1049,5250,2018-04-09,M,1978,Gen X
1050,5251,2018-08-08,M,1986,Older Millennials
1051,5252,2017-11-28,M,1970,Gen X
1052,5253,2017-10-24,M,1968,Gen X
1053,5254,2017-05-08,F,1958,Baby Boomers
1054,5255,2017-01-08,M,1950,Baby Boomers
1055,5256,2017-08-28,N,1986,Older Millennials
1056,5257,2017-02-28,N,1981,Older Millennials
1057,5258,2017-04-02,N,1982,Older Millennials
1058,5259,2017-05-06,F,1957,Baby Boomers
1059,5260,2017-12-01,F,1970,Gen X
1060,5261,2017-11-17,M,1969,Gen X
1061,5262,2017-09-18,F,1966,Gen X
1062,5263,2017-08-12,F,1963,Baby Boomers
1063,5264,2017-01-15,F,1951,Baby Boomers
1064,5265,2018-02-15,N,1990,Younger Millennials
1065,5266,2018-04-26,M,1979,Gen X
1066,5267,2018-04-26,N,1992,Younger Millennials
1067,5268,2019-01-25,F,1996,Gen Z
1068,5269,2018-03-18,N,1991,Younger Millennials
1069,5270,2018-04-28,N,1992,Younger Millennials
1070,5271,2017-12-30,F,1972,Gen X
1071,5272,2017-07-09,N,1985,Older Millennials
1072,5273,2017-02-19,F,1953,Baby Boomers
1073,5274,2018-01-15,M,1973,Gen X
1074,5275,2018-09-16,F,1988,Older Millennials
1075,5276,2019-01-05,M,1995,Gen Z
1076,5277,2018-12-17,N,1998,Gen Z
1077,5278,2018-03-14,F,1977,Gen X
1078,5279,2017-02-04,N,1981,Older Millennials
1079,5280,2018-05-06,F,1980,Older Millennials
1080,5281,2017-12-11,N,1988,Older Millennials
1081,5282,2017-09-26,M,1966,Gen X
1082,5283,2017-10-13,M,1967,Gen X
1083,5284,2017-10-29,F,1968,Gen X
1084,5285,2018-01-11,F,1973,Gen X
1085,5286,2018-12-29,M,1995,Gen Z
1086,5287,2018-05-07,N,1992,Younger Millennials
1087,5288,2018-05-13,M,1980,Older Millennials
1088,5289,2017-12-25,M,1972,Gen X
1089,5290,2017-03-16,N,1982,Older Millennials
1090,5291,2017-01-29,F,1951,Baby Boomers
1091,5292,2017-04-29,F,1957,Baby Boomers
1092,5293,2017-09-30,M,1966,Gen X
1093,5294,2017-03-30,F,1955,Baby Boomers
1094,5295,2017-09-02,N,1986,Older Millennials
1095,5296,2017-07-15,M,1962,Baby Boomers
1096,5297,2017-11-12,F,1969,Gen X
1097,5298,2017-10-27,M,1968,Gen X
1098,5299,2018-05-20,F,1981,Older Millennials
1099,5300,2017-01-16,N,1980,Older Millennials
1100,5301,2018-08-29,M,1987,Older Millennials
1101,5302,2017-01-19,M,1951,Baby Boomers
1102,5303,2018-04-27,F,1979,Gen X
1103,5304,2017-09-13,F,1965,Gen X
1104,5305,2017-02-10,F,1952,Baby Boomers
1105,5306,2017-06-27,N,1984,Older Millennials
1106,5307,2017-02-12,M,1952,Baby Boomers
1107,5308,2017-04-09,M,1956,Baby Boomers
1108,5309,2017-06-16,F,1960,Baby Boomers
1109,5310,2018-05-24,M,1981,Older Millennials
1110,5311,2018-04-11,N,1992,Younger Millennials
1111,5312,2018-05-01,F,1980,Older Millennials
1112,5313,2017-07-08,M,1961,Baby Boomers
1113,5314,2017-11-29,N,1988,Older Millennials
1114,5315,2017-06-13,N,1984,Older Millennials
1115,5316,2017-04-10,F,1956,Baby Boomers
1116,5317,2017-01-13,N,1980,Older Millennials
1117,5318,2018-01-27,N,1990,Younger Millennials
1118,5319,2018-12-08,N,1998,Gen Z
1119,5320,2019-04-01,N,2001,Gen Z
1120,5321,2018-12-22,F,1994,Younger Millennials
1121,5322,2017-04-23,M,1957,Baby Boomers
1122,5323,2018-03-07,F,1976,Gen X
1123,5324,2018-05-10,M,1980,Older Millennials
1124,5325,2018-07-18,N,1994,Younger Millennials
1125,5326,2017-09-28,N,1987,Older Millennials
1126,5327,2019-01-23,F,1996,Gen Z
1127,5328,2018-02-11,N,1990,Younger Millennials
1128,5329,2017-09-05,M,1965,Gen X
1129,5330,2017-05-03,M,1957,Baby Boomers
1130,5331,2018-03-16,F,1977,Gen X
1131,5332,2018-04-21,N,1992,Younger Millennials
1132,5333,2018-11-12,N,1997,Gen Z
1133,5334,2018-12-25,M,1994,Younger Millennials
1134,5335,2018-01-04,N,1989,Older Millennials
1135,5336,2018-09-15,M,1988,Older Millennials
1136,5337,2018-07-06,N,1994,Younger Millennials
1137,5338,2017-08-03,F,1963,Baby Boomers
1138,5339,2017-09-18,N,1986,Older Millennials
1139,5340,2018-05-27,N,1993,Younger Millennials
1140,5341,2018-12-03,N,1998,Gen Z
1141,5342,2018-06-21,F,1983,Older Millennials
1142,5343,2019-01-19,M,1996,Gen Z
1143,5344,2017-04-03,F,1955,Baby Boomers
1144,5345,2018-02-24,F,1976,Gen X
1145,5346,2018-09-27,N,1996,Gen Z
1146,5347,2017-12-12,F,1971,Gen X
1147,5348,2018-03-19,M,1977,Gen X
1148,5349,2017-08-01,M,1963,Baby Boomers
1149,5350,2017-06-17,N,1984,Older Millennials
1150,5351,2018-09-28,F,1989,Older Millennials
1151,5352,2019-01-29,N,1999,Gen Z
1152,5353,2017-07-18,N,1985,Older Millennials
1153,5354,2018-11-03,F,1991,Younger Millennials
1154,5355,2018-11-21,M,1992,Younger Millennials
1155,5356,2017-10-31,N,1987,Older Millennials
1156,5357,2017-12-18,N,1989,Older Millennials
1157,5358,2017-09-25,F,1966,Gen X
1158,5359,2017-11-17,N,1988,Older Millennials
1159,5360,2017-12-26,F,1972,Gen X
1160,5361,2017-01-12,M,1950,Baby Boomers
1161,5362,2019-03-06,N,2000,Gen Z
1162,5363,2017-12-18,M,1971,Gen X
1163,5364,2017-03-25,F,1955,Baby Boomers
1164,5365,2018-04-15,F,1979,Gen X
1165,5366,2019-01-08,N,1998,Gen Z
1166,5367,2018-12-06,N,1998,Gen Z
1167,5368,2018-03-08,M,1976,Gen X
1168,5369,2018-10-27,M,1991,Younger Millennials
1169,5370,2017-12-01,N,1988,Older Millennials
1170,5371,2017-12-20,N,1989,Older Millennials
1171,5372,2019-02-06,N,1999,Gen Z
1172,5373,2017-05-17,M,1958,Baby Boomers
1173,5374,2017-04-13,F,1956,Baby Boomers
1174,5375,2017-12-03,F,1970,Gen X
1175,5376,2017-07-12,M,1962,Baby Boomers
1176,5377,2017-02-12,F,1952,Baby Boomers
1177,5378,2018-08-13,N,1995,Gen Z
1178,5379,2017-02-21,F,1953,Baby Boomers
1179,5380,2017-08-29,M,1965,Gen X
1180,5381,2018-02-01,F,1974,Gen X
1181,5382,2018-02-06,N,1990,Younger Millennials
1182,5383,2018-07-11,N,1994,Younger Millennials
1183,5384,2018-11-06,F,1991,Younger Millennials
1184,5385,2018-06-24,M,1983,Older Millennials
1185,5386,2018-12-01,M,1993,Younger Millennials
1186,5387,2018-06-23,F,1983,Older Millennials
1187,5388,2018-08-04,N,1994,Younger Millennials
1188,5389,2017-07-20,F,1962,Baby Boomers
1189,5390,2018-08-10,F,1986,Older Millennials
1190,5391,2017-10-02,F,1967,Gen X
1191,5392,2018-10-10,M,1990,Younger Millennials
1192,5393,2017-08-17,F,1964,Baby Boomers
1193,5394,2018-08-11,N,1995,Gen Z
1194,5395,2018-02-03,F,1974,Gen X
1195,5396,2017-12-24,F,1972,Gen X
1196,5397,2017-09-25,N,1987,Older Millennials
1197,5398,2018-07-25,F,1985,Older Millennials
1198,5399,2017-07-26,M,1962,Baby Boomers
1199,5400,2019-02-26,M,1998,Gen Z
1200,5401,2018-09-06,N,1995,Gen Z
1201,5402,2018-01-19,M,1973,Gen X
1202,5403,2017-01-06,N,1980,Older Millennials
1203,5404,2017-03-18,F,1954,Baby Boomers
1204,5405,2017-10-27,F,1968,Gen X
1205,5406,2018-12-27,N,1998,Gen Z
1206,5407,2018-06-16,F,1982,Older Millennials
1207,5408,2017-07-16,N,1985,Older Millennials
1208,5409,2017-09-11,F,1965,Gen X
1209,5410,2017-06-20,F,1960,Baby Boomers
1210,5411,2019-04-05,M,2001,Gen Z
1211,5412,2018-06-07,F,1982,Older Millennials
1212,5413,2018-07-15,M,1984,Older Millennials
1213,5414,2018-06-09,F,1982,Older Millennials
1214,5415,2019-02-01,M,1997,Gen Z
1215,5416,2018-11-08,F,1991,Younger Millennials
1216,5417,2018-05-13,F,1980,Older Millennials
1217,5418,2018-03-29,M,1978,Gen X
1218,5419,2018-05-10,F,1980,Older Millennials
1219,5420,2018-02-27,N,1990,Younger Millennials
1220,5421,2018-04-30,N,1992,Younger Millennials
1221,5422,2018-02-26,F,1976,Gen X
1222,5423,2018-01-04,F,1972,Gen X
1223,5424,2017-08-05,F,1963,Baby Boomers
1224,5425,2018-09-09,M,1988,Older Millennials
1225,5426,2019-03-30,F,2000,Gen Z
1226,5427,2017-11-21,F,1970,Gen X
1227,5428,2019-01-08,M,1995,Gen Z
1228,5429,2017-09-16,F,1966,Gen X
1229,5430,2018-01-18,N,1989,Older Millennials
1230,5431,2018-03-23,N,1991,Younger Millennials
1231,5432,2017-03-28,N,1982,Older Millennials
1232,5433,2017-09-16,N,1986,Older Millennials
1233,5434,2019-01-20,N,1999,Gen Z
1234,5435,2018-01-09,F,1973,Gen X
1235,5436,2017-11-19,N,1988,Older Millennials
1236,5437,2019-04-06,N,2001,Gen Z
1237,5438,2018-12-08,F,1993,Younger Millennials
1238,5439,2017-05-15,F,1958,Baby Boomers
1239,5440,2017-02-19,M,1953,Baby Boomers
1240,5441,2018-07-23,F,1985,Older Millennials
1241,5442,2018-08-01,N,1994,Younger Millennials
1242,5443,2017-09-20,F,1966,Gen X
1243,5444,2017-07-06,N,1984,Older Millennials
1244,5445,2019-02-01,N,1999,Gen Z
1245,5446,2017-03-07,N,1981,Older Millennials
1246,5447,2018-07-04,N,1994,Younger Millennials
1247,5448,2018-09-11,N,1995,Gen Z
1248,5449,2019-01-02,F,1995,Gen Z
1249,5450,2018-07-05,M,1984,Older Millennials
1250,5451,2018-12-28,F,1995,Gen Z
1251,5452,2017-10-13,F,1967,Gen X
1252,5453,2017-08-26,M,1964,Baby Boomers
1253,5454,2019-02-22,N,2000,Gen Z
1254,5455,2018-07-21,F,1985,Older Millennials
1255,5456,2017-10-14,N,1987,Older Millennials
1256,5457,2017-10-06,M,1967,Gen X
1257,5458,2017-05-31,F,1959,Baby Boomers
1258,5459,2017-07-23,F,1962,Baby Boomers
1259,5460,2018-11-10,M,1992,Younger Millennials
1260,5461,2017-05-24,M,1959,Baby Boomers
1261,5462,2019-03-05,F,1999,Gen Z
1262,5463,2018-04-24,F,1979,Gen X
1263,5464,2018-06-12,N,1993,Younger Millennials
1264,5465,2018-12-12,F,1994,Younger Millennials
1265,5466,2018-06-18,F,1983,Older Millennials
1266,5467,2017-07-01,M,1961,Baby Boomers
1267,5468,2019-03-26,F,2000,Gen Z
1268,5469,2017-03-16,F,1954,Baby Boomers
1269,5470,2017-10-25,F,1968,Gen X
1270,5471,2017-08-25,N,1986,Older Millennials
1271,5472,2017-02-11,N,1981,Older Millennials
1272,5473,2017-05-29,F,1959,Baby Boomers
1273,5474,2018-10-07,N,1996,Gen Z
1274,5475,2018-05-12,N,1992,Younger Millennials
1275,5476,2017-10-06,F,1967,Gen X
1276,5477,2018-12-17,F,1994,Younger Millennials
1277,5478,2018-09-02,M,1987,Older Millennials
1278,5479,2017-02-06,N,1981,Older Millennials
1279,5480,2017-04-24,F,1957,Baby Boomers
1280,5481,2018-08-18,N,1995,Gen Z
1281,5482,2018-10-18,F,1990,Younger Millennials
1282,5483,2018-01-01,N,1989,Older Millennials
1283,5484,2017-04-16,N,1982,Older Millennials
1284,5485,2018-11-12,F,1992,Younger Millennials
1285,5486,2019-03-13,N,2000,Gen Z
1286,5487,2018-03-21,N,1991,Younger Millennials
1287,5488,2018-05-29,N,1993,Younger Millennials
1288,5489,2017-08-08,M,1963,Baby Boomers
1289,5490,2019-02-08,M,1997,Gen Z
1290,5491,2019-01-29,M,1996,Gen Z
1291,5492,2018-09-11,F,1988,Older Millennials
1292,5493,2017-10-20,F,1968,Gen X
1293,5494,2018-11-29,F,1993,Younger Millennials
1294,5495,2018-08-12,M,1986,Older Millennials
1295,5496,2018-08-29,F,1987,Older Millennials
1296,5497,2018-10-06,M,1989,Older Millennials
1297,5498,2017-01-18,F,1951,Baby Boomers
1298,5499,2018-09-21,F,1988,Older Millennials
1299,5500,2017-01-04,F,1950,Baby Boomers
1300,5501,2018-07-07,F,1984,Older Millennials
1301,5502,2018-02-19,M,1975,Gen X
1302,5503,2017-10-24,N,1987,Older Millennials
1303,5504,2017-04-26,M,1957,Baby Boomers
1304,5505,2019-01-16,F,1996,Gen Z
1305,5506,2018-10-23,F,1990,Younger Millennials
1306,5507,2017-12-05,F,1971,Gen X
1307,5508,2018-03-28,F,1978,Gen X
1308,5509,2018-11-05,N,1997,Gen Z
1309,5510,2017-03-21,F,1955,Baby Boomers
1310,5511,2018-02-26,M,1976,Gen X
1311,5512,2018-04-11,F,1978,Gen X
1312,5513,2018-12-29,N,1998,Gen Z
1313,5514,2017-08-05,M,1963,Baby Boomers
1314,5515,2017-07-11,N,1985,Older Millennials
1315,5516,2017-06-20,N,1984,Older Millennials
1316,5517,2018-07-23,N,1994,Younger Millennials
1317,5518,2017-02-05,F,1952,Baby Boomers
1318,5519,2018-03-16,N,1991,Younger Millennials
1319,5520,2019-02-22,F,1998,Gen Z
1320,5521,2018-09-08,N,1995,Gen Z
1321,5522,2019-02-22,M,1998,Gen Z
1322,5523,2019-01-22,N,1999,Gen Z
1323,5524,2018-05-26,F,1981,Older Millennials
1324,5525,2019-01-20,F,1996,Gen Z
1325,5526,2018-12-15,M,1994,Younger Millennials
1326,5527,2017-06-03,N,1984,Older Millennials
1327,5528,2019-02-20,N,2000,Gen Z
1328,5529,2017-12-07,F,1971,Gen X
1329,5530,2017-03-22,M,1955,Baby Boomers
1330,5531,2017-02-23,M,1953,Baby Boomers
1331,5532,2018-01-22,M,1974,Gen X
1332,5533,2017-12-23,N,1989,Older Millennials
1333,5534,2017-05-08,N,1983,Older Millennials
1334,5535,2017-01-24,F,1951,Baby Boomers
1335,5536,2017-02-26,M,1953,Baby Boomers
1336,5537,2017-01-11,F,1950,Baby Boomers
1337,5538,2018-11-03,M,1991,Younger Millennials
1338,5539,2017-09-11,N,1986,Older Millennials
1339,5540,2018-04-19,M,1979,Gen X
1340,5541,2018-03-30,F,1978,Gen X
1341,5542,2017-10-12,N,1987,Older Millennials
1342,5543,2017-11-10,N,1988,Older Millennials
1343,5544,2018-05-31,M,1981,Older Millennials
1344,5545,2017-03-27,F,1955,Baby Boomers
1345,5546,2019-01-06,N,1998,Gen Z
1346,5547,2017-06-17,M,1960,Baby Boomers
1347,5548,2018-05-31,F,1981,Older Millennials
1348,5549,2017-11-03,F,1969,Gen X
1349,5550,2018-03-14,N,1991,Younger Millennials
1350,5551,2018-02-28,F,1976,Gen X
1351,5552,2018-08-22,M,1987,Older Millennials
1352,5553,2018-10-16,F,1990,Younger Millennials
1353,5554,2018-04-04,F,1978,Gen X
1354,5555,2019-03-19,M,1999,Gen Z
1355,5556,2018-06-03,M,1982,Older Millennials
1356,5557,2018-06-22,N,1993,Younger Millennials
1357,5558,2017-03-09,M,1954,Baby Boomers
1358,5559,2017-10-07,N,1987,Older Millennials
1359,5560,2018-05-10,N,1992,Younger Millennials
1360,5561,2017-07-30,F,1963,Baby Boomers
1361,5562,2018-08-16,N,1995,Gen Z
1362,5563,2019-01-01,N,1998,Gen Z
1363,5564,2018-03-09,N,1991,Younger Millennials
1364,5565,2018-11-28,N,1997,Gen Z
1365,5566,2017-11-17,F,1969,Gen X
1366,5567,2018-07-01,M,1983,Older Millennials
1367,5568,2017-02-18,N,1981,Older Millennials
1368,5569,2017-01-05,M,1950,Baby Boomers
1369,5570,2018-04-09,N,1991,Younger Millennials
1370,5571,2017-07-25,F,1962,Baby Boomers
1371,5572,2017-04-06,F,1956,Baby Boomers
1372,5573,2018-10-14,N,1996,Gen Z
1373,5574,2018-03-09,F,1976,Gen X
1374,5575,2017-01-13,F,1950,Baby Boomers
1375,5576,2018-10-04,F,1989,Older Millennials
1376,5577,2017-06-22,N,1984,Older Millennials
1377,5578,2018-10-17,M,1990,Younger Millennials
1378,5579,2018-01-25,F,1974,Gen X
1379,5580,2017-06-10,N,1984,Older Millennials
1380,5581,2017-07-28,N,1985,Older Millennials
1381,5582,2017-06-28,M,1961,Baby Boomers
1382,5583,2018-01-29,F,1974,Gen X
1383,5584,2018-06-05,F,1982,Older Millennials
1384,5585,2018-08-06,N,1995,Gen Z
1385,5586,2018-04-23,M,1979,Gen X
1386,5587,2018-04-16,N,1992,Younger Millennials
1387,5588,2019-02-24,F,1998,Gen Z
1388,5589,2017-04-15,F,1956,Baby Boomers
1389,5590,2018-04-20,F,1979,Gen X
1390,5591,2017-04-26,F,1957,Baby Boomers
1391,5592,2018-09-20,N,1996,Gen Z
1392,5593,2018-05-03,N,1992,Younger Millennials
1393,5594,2017-10-09,F,1967,Gen X
1394,5595,2018-02-04,N,1990,Younger Millennials
1395,5596,2017-08-30,N,1986,Older Millennials
1396,5597,2018-10-30,F,1991,Younger Millennials
1397,5598,2017-11-22,N,1988,Older Millennials
1398,5599,2018-01-18,F,1973,Gen X
1399,5600,2018-02-08,F,1975,Gen X
1400,5601,2017-01-15,M,1951,Baby Boomers
1401,5602,2019-03-04,N,2000,Gen Z
1402,5603,2018-08-03,F,1985,Older Millennials
1403,5604,2017-06-24,M,1960,Baby Boomers
1404,5605,2018-07-16,N,1994,Younger Millennials
1405,5606,2018-09-25,F,1989,Older Millennials
1406,5607,2018-11-07,N,1997,Gen Z
1407,5608,2018-07-18,M,1984,Older Millennials
1408,5609,2017-11-15,F,1969,Gen X
1409,5610,2019-03-19,F,1999,Gen Z
1410,5611,2017-05-12,F,1958,Baby Boomers
1411,5612,2017-07-18,F,1962,Baby Boomers
1412,5613,2018-11-19,F,1992,Younger Millennials
1413,5614,2019-01-10,N,1999,Gen Z
1414,5615,2019-01-01,M,1995,Gen Z
1415,5616,2017-08-02,N,1985,Older Millennials
1416,5617,2017-11-26,N,1988,Older Millennials
1417,5618,2018-12-22,M,1994,Younger Millennials
1418,5619,2017-06-21,M,1960,Baby Boomers
1419,5620,2017-01-23,N,1980,Older Millennials
1420,5621,2018-09-05,F,1987,Older Millennials
1421,5622,2017-08-28,F,1964,Baby Boomers
1422,5623,2018-07-11,M,1984,Older Millennials
1423,5624,2017-04-22,F,1957,Baby Boomers
1424,5625,2019-01-09,F,1995,Gen Z
1425,5626,2017-02-26,F,1953,Baby Boomers
1426,5627,2019-01-27,F,1996,Gen Z
1427,5628,2017-12-19,F,1971,Gen X
1428,5629,2017-06-04,F,1959,Baby Boomers
1429,5630,2017-08-24,F,1964,Baby Boomers
1430,5631,2018-12-22,N,1998,Gen Z
1431,5632,2018-09-23,N,1996,Gen Z
1432,5633,2017-05-24,F,1959,Baby Boomers
1433,5634,2018-04-29,F,1980,Older Millennials
1434,5635,2017-11-08,F,1969,Gen X
1435,5636,2018-11-24,F,1992,Younger Millennials
1436,5637,2018-12-10,F,1993,Younger Millennials
1437,5638,2018-05-05,N,1992,Younger Millennials
1438,5639,2019-03-07,F,1999,Gen Z
1439,5640,2017-08-11,N,1985,Older Millennials
1440,5641,2019-02-13,N,1999,Gen Z
1441,5642,2018-06-28,F,1983,Older Millennials
1442,5643,2018-01-12,M,1973,Gen X
1443,5644,2019-02-19,F,1998,Gen Z
1444,5645,2018-04-18,N,1992,Younger Millennials
1445,5646,2018-10-03,M,1989,Older Millennials
1446,5647,2017-01-09,N,1980,Older Millennials
1447,5648,2018-03-19,F,1977,Gen X
1448,5649,2017-11-03,M,1969,Gen X
1449,5650,2017-04-07,N,1982,Older Millennials
1450,5651,2017-09-07,F,1965,Gen X
1451,5652,2018-08-31,F,1987,Older Millennials
1452,5653,2018-03-25,F,1977,Gen X
1453,5654,2018-01-15,N,1989,Older Millennials
1454,5655,2018-06-15,N,1993,Younger Millennials
1455,5656,2017-03-05,F,1954,Baby Boomers
1456,5657,2017-03-26,M,1955,Baby Boomers
1457,5658,2018-01-27,F,1974,Gen X
1458,5659,2018-09-30,F,1989,Older Millennials
1459,5660,2018-10-28,N,1997,Gen Z
1460,5661,2017-05-26,F,1959,Baby Boomers
1461,5662,2018-09-18,F,1988,Older Millennials
1462,5663,2018-01-08,N,1989,Older Millennials
1463,5664,2018-02-17,F,1975,Gen X
1464,5665,2018-09-05,M,1987,Older Millennials
1465,5666,2018-10-20,M,1990,Younger Millennials
1466,5667,2017-04-28,N,1983,Older Millennials
1467,5668,2018-04-29,M,1980,Older Millennials
1468,5669,2018-11-21,N,1997,Gen Z
1469,5670,2018-11-02,N,1997,Gen Z
1470,5671,2018-12-05,F,1993,Younger Millennials
1471,5672,2018-09-30,N,1996,Gen Z
1472,5673,2018-11-01,F,1991,Younger Millennials
1473,5674,2019-03-23,N,2000,Gen Z
1474,5675,2018-09-12,M,1988,Older Millennials
1475,5676,2018-10-02,F,1989,Older Millennials
1476,5677,2018-02-23,N,1990,Younger Millennials
1477,5678,2017-11-21,M,1970,Gen X
1478,5679,2018-11-22,F,1992,Younger Millennials
1479,5680,2018-11-17,F,1992,Younger Millennials
1480,5681,2019-03-05,M,1999,Gen Z
1481,5682,2018-12-31,F,1995,Gen Z
1482,5683,2017-09-06,N,1986,Older Millennials
1483,5684,2017-12-21,F,1972,Gen X
1484,5685,2017-08-16,N,1985,Older Millennials
1485,5686,2017-10-29,N,1987,Older Millennials
1486,5687,2017-11-28,F,1970,Gen X
1487,5688,2018-05-17,M,1981,Older Millennials
1488,5689,2017-02-16,F,1953,Baby Boomers
1489,5690,2018-10-24,M,1990,Younger Millennials
1490,5691,2017-03-07,F,1954,Baby Boomers
1491,5692,2017-05-22,F,1958,Baby Boomers
1492,5693,2018-09-13,N,1995,Gen Z
1493,5694,2017-09-21,N,1986,Older Millennials
1494,5695,2019-03-12,F,1999,Gen Z
1495,5696,2017-12-13,N,1989,Older Millennials
1496,5697,2017-06-27,F,1961,Baby Boomers
1497,5698,2018-06-02,F,1982,Older Millennials
1498,5699,2017-12-28,F,1972,Gen X
1499,5700,2017-09-27,F,1966,Gen X
1500,5701,2018-08-23,N,1995,Gen Z
1501,5702,2017-11-07,M,1969,Gen X
1502,5703,2019-02-10,F,1997,Gen Z
1503,5704,2019-04-06,F,2001,Gen Z
1504,5705,2018-10-26,N,1997,Gen Z
1505,5706,2017-11-05,F,1969,Gen X
1506,5707,2018-01-30,N,1990,Younger Millennials
1507,5708,2019-03-09,N,2000,Gen Z
1508,5709,2019-02-15,N,1999,Gen Z
1509,5710,2017-04-01,F,1955,Baby Boomers
1510,5711,2017-03-09,N,1981,Older Millennials
1511,5712,2017-03-02,F,1953,Baby Boomers
1512,5713,2018-05-04,F,1980,Older Millennials
1513,5714,2017-10-03,N,1987,Older Millennials
1514,5715,2017-12-14,F,1971,Gen X
1515,5716,2017-09-16,M,1966,Gen X
1516,5717,2017-04-26,N,1983,Older Millennials
1517,5718,2019-01-07,F,1995,Gen Z
1518,5719,2018-04-05,M,1978,Gen X
1519,5720,2018-05-29,F,1981,Older Millennials
1520,5721,2017-07-29,M,1963,Baby Boomers
1521,5722,2017-03-23,F,1955,Baby Boomers
1522,5723,2017-09-09,F,1965,Gen X
1523,5724,2018-04-13,F,1979,Gen X
1524,5725,2018-02-18,N,1990,Younger Millennials
1525,5726,2018-10-31,M,1991,Younger Millennials
1526,5727,2018-01-06,N,1989,Older Millennials
1527,5728,2018-05-20,M,1981,Older Millennials
1528,5729,2018-06-19,N,1993,Younger Millennials
1529,5730,2017-06-15,N,1984,Older Millennials
1530,5731,2018-03-30,N,1991,Younger Millennials
1531,5732,2018-04-01,F,1978,Gen X
1532,5733,2018-07-25,M,1985,Older Millennials
1533,5734,2018-01-13,N,1989,Older Millennials
1534,5735,2018-01-23,N,1990,Younger Millennials
1535,5736,2017-01-04,N,1980,Older Millennials
1536,5737,2018-07-18,F,1984,Older Millennials
1537,5738,2018-02-12,M,1975,Gen X
1538,5739,2017-07-02,N,1984,Older Millennials
1539,5740,2019-03-10,F,1999,Gen Z
1540,5741,2019-02-17,N,1999,Gen Z
1541,5742,2017-07-13,F,1962,Baby Boomers
1542,5743,2018-06-28,M,1983,Older Millennials
1543,5744,2018-07-09,F,1984,Older Millennials
1544,5745,2018-09-19,M,1988,Older Millennials
1545,5746,2017-07-25,N,1985,Older Millennials
1546,5747,2017-06-03,M,1959,Baby Boomers
1547,5748,2018-12-19,F,1994,Younger Millennials
1548,5749,2019-02-05,M,1997,Gen Z
1549,5750,2017-08-15,F,1964,Baby Boomers
1550,5751,2018-01-25,N,1990,Younger Millennials
1551,5752,2017-08-06,N,1985,Older Millennials
1552,5753,2017-02-16,N,1981,Older Millennials
1553,5754,2018-02-01,N,1990,Younger Millennials
1554,5755,2017-06-01,N,1984,Older Millennials
1555,5756,2018-12-13,N,1998,Gen Z
1556,5757,2017-12-10,F,1971,Gen X
1557,5758,2017-11-24,N,1988,Older Millennials
1558,5759,2017-05-01,N,1983,Older Millennials
1559,5760,2018-06-21,M,1983,Older Millennials
1560,5761,2017-04-19,M,1956,Baby Boomers
1561,5762,2018-03-15,M,1977,Gen X
1562,5763,2017-02-21,N,1981,Older Millennials
1563,5764,2018-08-05,M,1986,Older Millennials
1564,5765,2017-12-05,M,1971,Gen X
1565,5766,2017-04-17,F,1956,Baby Boomers
1566,5767,2017-05-01,F,1957,Baby Boomers
1567,5768,2017-01-20,F,1951,Baby Boomers
1568,5769,2019-01-03,N,1998,Gen Z
1569,5770,2017-02-05,M,1952,Baby Boomers
1570,5771,2019-03-22,M,2000,Gen Z
1571,5772,2017-11-10,F,1969,Gen X
1572,5773,2019-02-08,N,1999,Gen Z
1573,5774,2018-06-10,N,1993,Younger Millennials
1574,5775,2018-12-08,M,1993,Younger Millennials
1575,5776,2017-05-07,M,1957,Baby Boomers
1576,5777,2018-12-15,N,1998,Gen Z
1577,5778,2017-04-08,F,1956,Baby Boomers
1578,5779,2018-05-17,N,1992,Younger Millennials
1579,5780,2018-02-09,M,1975,Gen X
1580,5781,2018-05-03,M,1980,Older Millennials
1581,5782,2017-02-14,F,1952,Baby Boomers
1582,5783,2017-05-29,N,1983,Older Millennials
1583,5784,2018-08-13,F,1986,Older Millennials
1584,5785,2018-01-11,N,1989,Older Millennials
1585,5786,2019-02-03,N,1999,Gen Z
1586,5787,2018-03-02,N,1991,Younger Millennials
1587,5788,2017-08-14,N,1985,Older Millennials
1588,5789,2019-03-28,N,2000,Gen Z
1589,5790,2018-02-12,F,1975,Gen X
1590,5791,2017-06-11,F,1960,Baby Boomers
1591,5792,2018-11-24,M,1992,Younger Millennials
1592,5793,2017-03-24,N,1982,Older Millennials
1593,5794,2018-09-29,M,1989,Older Millennials
1594,5795,2018-03-02,F,1976,Gen X
1595,5796,2018-11-17,M,1992,Younger Millennials
1596,5797,2018-07-11,F,1984,Older Millennials
1597,5798,2017-03-05,M,1954,Baby Boomers
1598,5799,2018-12-20,N,1998,Gen Z
1599,5800,2017-03-04,N,1981,Older Millennials
1600,5801,2019-04-02,M,2000,Gen Z
1601,5802,2017-05-27,N,1983,Older Millennials
1602,5803,2018-06-27,N,1993,Younger Millennials
1603,5804,2017-02-03,F,1952,Baby Boomers
1604,5805,2017-10-19,N,1987,Older Millennials
1605,5806,2018-08-24,F,1987,Older Millennials
1606,5807,2019-02-05,F,1997,Gen Z
1607,5808,2019-03-29,M,2000,Gen Z
1608,5809,2017-08-22,F,1964,Baby Boomers
1609,5810,2019-01-30,F,1997,Gen Z
1610,5811,2018-03-11,N,1991,Younger Millennials
1611,5812,2019-03-15,M,1999,Gen Z
1612,5813,2017-01-30,N,1980,Older Millennials
1613,5814,2017-03-26,N,1982,Older Millennials
1614,5815,2018-04-12,M,1978,Gen X
1615,5816,2017-10-10,N,1987,Older Millennials
1616,5817,2017-06-09,F,1960,Baby Boomers
1617,5818,2018-02-14,F,1975,Gen X
1618,5819,2017-11-26,F,1970,Gen X
1619,5820,2018-03-06,N,1991,Younger Millennials
1620,5821,2017-02-25,N,1981,Older Millennials
1621,5822,2017-09-04,N,1986,Older Millennials
1622,5823,2018-07-08,M,1984,Older Millennials
1623,5824,2018-10-13,M,1990,Younger Millennials
1624,5825,2017-04-21,N,1983,Older Millennials
1625,5826,2019-02-03,F,1997,Gen Z
1626,5827,2018-02-05,M,1974,Gen X
1627,5828,2017-11-05,N,1988,Older Millennials
1628,5829,2017-03-11,F,1954,Baby Boomers
1629,5830,2018-09-14,F,1988,Older Millennials
1630,5831,2017-03-12,N,1981,Older Millennials
1631,5832,2018-05-24,F,1981,Older Millennials
1632,5833,2018-10-11,F,1990,Younger Millennials
1633,5834,2019-02-15,M,1998,Gen Z
1634,5835,2018-01-05,M,1972,Gen X
1635,5836,2018-06-24,N,1993,Younger Millennials
1636,5837,2017-05-24,N,1983,Older Millennials
1637,5838,2019-03-23,F,2000,Gen Z
1638,5839,2017-05-14,M,1958,Baby Boomers
1639,5840,2018-04-06,F,1978,Gen X
1640,5841,2019-01-12,M,1995,Gen Z
1641,5842,2017-05-22,N,1983,Older Millennials
1642,5843,2017-10-17,N,1987,Older Millennials
1643,5844,2019-03-11,N,2000,Gen Z
1644,5845,2019-04-09,N,2001,Gen Z
1645,5846,2018-06-07,M,1982,Older Millennials
1646,5847,2018-07-30,F,1985,Older Millennials
1647,5848,2017-07-14,N,1985,Older Millennials
1648,5849,2019-03-12,M,1999,Gen Z
1649,5850,2017-03-12,M,1954,Baby Boomers
1650,5851,2017-10-05,N,1987,Older Millennials
1651,5852,2018-08-26,F,1987,Older Millennials
1652,5853,2017-12-29,M,1972,Gen X
1653,5854,2018-11-09,N,1997,Gen Z
1654,5855,2017-07-04,N,1984,Older Millennials
1655,5856,2018-10-31,N,1997,Gen Z
1656,5857,2018-06-10,M,1982,Older Millennials
1657,5858,2018-06-07,N,1993,Younger Millennials
1658,5859,2017-11-01,F,1968,Gen X
1659,5860,2018-12-03,F,1993,Younger Millennials
1660,5861,2017-10-03,M,1967,Gen X
1661,5862,2017-02-23,N,1981,Older Millennials
1662,5863,2017-12-04,N,1988,Older Millennials
1663,5864,2017-01-08,F,1950,Baby Boomers
1664,5865,2018-03-28,N,1991,Younger Millennials
1665,5866,2017-10-10,M,1967,Gen X
1666,5867,2018-07-02,F,1983,Older Millennials
1667,5868,2018-01-20,F,1973,Gen X
1668,5869,2019-01-14,F,1996,Gen Z
1669,5870,2017-11-12,N,1988,Older Millennials
1670,5871,2017-05-20,N,1983,Older Millennials
1671,5872,2018-03-12,M,1977,Gen X
1672,5873,2017-07-09,F,1961,Baby Boomers
1673,5874,2018-08-20,N,1995,Gen Z
1674,5875,2017-06-02,F,1959,Baby Boomers
1675,5876,2017-10-31,M,1968,Gen X
1676,5877,2017-03-14,F,1954,Baby Boomers
1677,5878,2019-01-17,N,1999,Gen Z
1678,5879,2017-08-19,M,1964,Baby Boomers
1679,5880,2018-05-06,M,1980,Older Millennials
1680,5881,2017-08-23,N,1986,Older Millennials
1681,5882,2018-08-30,N,1995,Gen Z
1682,5883,2017-06-24,N,1984,Older Millennials
1683,5884,2018-03-01,M,1976,Gen X
1684,5885,2017-11-03,N,1987,Older Millennials
1685,5886,2017-03-15,M,1954,Baby Boomers
1686,5887,2018-01-22,F,1974,Gen X
1687,5888,2018-09-25,N,1996,Gen Z
1688,5889,2017-02-13,N,1981,Older Millennials
1689,5890,2017-07-04,F,1961,Baby Boomers
1690,5891,2018-02-02,M,1974,Gen X
1691,5892,2017-05-10,N,1983,Older Millennials
1692,5893,2017-07-05,M,1961,Baby Boomers
1693,5894,2017-01-29,M,1951,Baby Boomers
1694,5895,2018-09-07,F,1988,Older Millennials
1695,5896,2019-01-27,N,1999,Gen Z
1696,5897,2019-02-15,F,1998,Gen Z
1697,5898,2018-09-02,F,1987,Older Millennials
1698,5899,2018-12-18,M,1994,Younger Millennials
1699,5900,2019-04-04,F,2000,Gen Z
1700,5901,2019-03-21,F,2000,Gen Z
1701,5902,2019-01-26,M,1996,Gen Z
1702,5903,2019-03-18,N,2000,Gen Z
1703,5904,2019-02-17,F,1998,Gen Z
1704,5905,2017-05-17,F,1958,Baby Boomers
1705,5906,2017-03-19,M,1954,Baby Boomers
1706,5907,2017-07-23,N,1985,Older Millennials
1707,5908,2017-01-26,M,1951,Baby Boomers
1708,5909,2019-02-12,F,1997,Gen Z
1709,5910,2018-09-04,N,1995,Gen Z
1710,5911,2017-08-01,F,1963,Baby Boomers
1711,5912,2019-02-01,F,1997,Gen Z
1712,5913,2017-06-29,N,1984,Older Millennials
1713,5914,2017-03-19,N,1982,Older Millennials
1714,5915,2019-02-26,F,1998,Gen Z
1715,5916,2017-06-18,F,1960,Baby Boomers
1716,5917,2017-09-09,M,1965,Gen X
1717,5918,2018-07-05,F,1984,Older Millennials
1718,5919,2017-06-08,N,1984,Older Millennials
1719,5920,2017-07-11,F,1962,Baby Boomers
1720,5921,2018-10-24,N,1997,Gen Z
1721,5922,2018-01-08,M,1973,Gen X
1722,5923,2018-10-09,F,1990,Younger Millennials
1723,5924,2017-09-23,N,1986,Older Millennials
1724,5925,2017-05-03,F,1957,Baby Boomers
1725,5926,2017-05-10,M,1958,Baby Boomers
1726,5927,2017-12-08,N,1988,Older Millennials
1727,5928,2019-01-13,N,1999,Gen Z
1728,5929,2017-07-02,F,1961,Baby Boomers
1729,5930,2018-10-14,F,1990,Younger Millennials
1730,5931,2017-12-30,N,1989,Older Millennials
1731,5932,2017-03-09,F,1954,Baby Boomers
1732,5933,2018-01-26,M,1974,Gen X
1733,5934,2019-02-08,F,1997,Gen Z
1734,5935,2018-11-26,N,1997,Gen Z
1735,5936,2018-08-01,M,1985,Older Millennials
1736,5937,2017-11-24,F,1970,Gen X
1737,5938,2018-10-05,N,1996,Gen Z
1738,5939,2019-04-09,F,2001,Gen Z
1739,5940,2017-09-12,M,1965,Gen X
1740,5941,2018-09-01,N,1995,Gen Z
1741,5942,2017-05-15,N,1983,Older Millennials
1742,5943,2018-10-07,F,1989,Older Millennials
1743,5944,2018-10-25,F,1991,Younger Millennials
1744,5945,2018-01-02,F,1972,Gen X
1745,8001,2017-02-06,N,1998,Gen Z
1746,8002,2017-10-22,N,1995,Gen Z
1747,8003,2017-01-19,F,1991,Younger Millennials
1748,8004,2017-06-01,M,1971,Gen X
1749,8005,2017-12-16,F,1970,Gen X
1750,8006,2019-02-15,F,1992,Younger Millennials
1751,8007,2017-10-06,M,1965,Gen X
1752,8008,2018-06-17,F,1992,Younger Millennials
1753,8009,2018-06-11,N,1993,Younger Millennials
1754,8010,2018-01-30,M,1961,Baby Boomers
1755,8011,2018-11-28,F,1986,Older Millennials
1756,8012,2017-06-17,F,1951,Baby Boomers
1757,8013,2017-12-05,F,1957,Baby Boomers
1758,8014,2019-01-12,N,1994,Younger Millennials
1759,8015,2018-05-20,F,1951,Baby Boomers
1760,8016,2017-09-19,N,1991,Younger Millennials
1761,8017,2018-03-22,N,1997,Gen Z
1762,8018,2018-03-17,M,1988,Older Millennials
1763,8019,2018-05-15,F,1991,Younger Millennials
1764,8020,2017-02-16,F,1967,Gen X
1765,8021,2017-07-11,F,1972,Gen X
1766,8022,2017-01-24,M,1967,Gen X
1767,8023,2017-08-07,M,1992,Younger Millennials
1768,8024,2018-01-20,N,1999,Gen Z
1769,8025,2017-04-02,F,1979,Gen X
1770,8026,2018-11-15,M,1962,Baby Boomers
1771,8027,2017-04-30,N,1993,Younger Millennials
1772,8028,2018-04-04,N,1995,Gen Z
1773,8029,2018-02-07,M,1981,Older Millennials
1774,8030,2018-08-23,F,1994,Younger Millennials
1775,8031,2018-07-24,M,1973,Gen X
1776,8032,2017-10-13,M,1959,Baby Boomers
1777,8033,2018-09-16,N,1994,Younger Millennials
1778,8034,2018-08-24,M,1974,Gen X
1779,8035,2018-06-10,N,1995,Gen Z
1780,8036,2018-12-06,N,1992,Younger Millennials
1781,8037,2018-05-07,F,1967,Gen X
1782,8038,2017-09-26,M,1970,Gen X
1783,8039,2017-06-26,M,1963,Baby Boomers
1784,8040,2018-05-16,M,1984,Older Millennials
1785,8041,2019-02-03,F,1962,Baby Boomers
1786,8042,2017-07-03,M,1995,Gen Z
1787,8043,2017-09-23,F,1982,Older Millennials
1788,8044,2018-05-18,M,1953,Baby Boomers
1789,8045,2018-05-11,M,1997,Gen Z
1790,8046,2018-06-05,F,1964,Baby Boomers
1791,8047,2017-07-19,F,1973,Gen X
1792,8048,2018-08-21,N,1996,Gen Z
1793,8049,2017-10-29,N,1994,Younger Millennials
1794,8050,2018-01-22,F,1961,Baby Boomers
1795,8051,2018-01-17,M,1985,Older Millennials
1796,8052,2018-01-07,N,1996,Gen Z
1797,8053,2018-10-19,M,1981,Older Millennials
1798,8054,2018-11-03,M,1967,Gen X
1799,8055,2018-04-21,F,1985,Older Millennials
1800,8056,2018-06-01,F,1964,Baby Boomers
1801,8057,2017-02-12,M,1960,Baby Boomers
1802,8058,2019-01-10,N,1991,Younger Millennials
1803,8059,2018-11-24,M,1964,Baby Boomers
1804,8060,2017-01-14,F,1994,Younger Millennials
1805,8061,2018-10-03,M,1984,Older Millennials
1806,8062,2017-12-27,F,1963,Baby Boomers
1807,8063,2017-01-31,F,1956,Baby Boomers
1808,8064,2018-10-26,M,1989,Older Millennials
1809,8065,2018-05-29,M,1995,Gen Z
1810,8066,2017-06-02,F,1991,Younger Millennials
1811,8067,2018-07-29,M,1996,Gen Z
1812,8068,2017-08-29,N,1992,Younger Millennials
1813,8069,2018-09-25,F,1967,Gen X
1814,8070,2017-03-04,M,1979,Gen X
1815,8071,2018-09-13,F,1952,Baby Boomers
1816,8072,2017-10-30,F,1973,Gen X
1817,8073,2018-06-16,M,1959,Baby Boomers
1818,8074,2018-12-04,N,1989,Older Millennials
1819,8075,2018-09-14,F,1987,Older Millennials
1820,8076,2018-03-03,M,1968,Gen X
1821,8077,2017-03-06,F,1974,Gen X
1822,8078,2017-07-25,M,1978,Gen X
1823,8079,2017-06-06,M,1985,Older Millennials
1824,8080,2018-09-05,F,1979,Gen X
1825,8081,2017-06-29,F,1980,Older Millennials
1826,8082,2017-08-17,M,1981,Older Millennials
1827,8083,2017-08-23,F,1990,Younger Millennials
1828,8084,2019-01-18,M,1963,Baby Boomers
1829,8085,2017-07-13,N,1990,Younger Millennials
1830,8086,2018-03-20,M,1983,Older Millennials
1831,8087,2018-10-21,F,1961,Baby Boomers
1832,8088,2018-11-02,M,1950,Baby Boomers
1833,8089,2018-03-27,N,2000,Gen Z
1834,8090,2017-04-05,F,1956,Baby Boomers
1835,8091,2018-08-09,F,1998,Gen Z
1836,8092,2018-01-23,F,1991,Younger Millennials
1837,8093,2018-05-30,M,1988,Older Millennials
1838,8094,2018-02-20,N,1992,Younger Millennials
1839,8095,2017-11-24,F,1977,Gen X
1840,8096,2019-03-30,N,1991,Younger Millennials
1841,8097,2019-03-04,F,1976,Gen X
1842,8098,2017-12-08,F,1968,Gen X
1843,8099,2018-03-21,F,1959,Baby Boomers
1844,8100,2019-01-26,F,1968,Gen X
1845,8101,2018-12-20,F,1974,Gen X
1846,8102,2019-02-22,F,1987,Older Millennials
1847,8103,2017-10-23,M,1960,Baby Boomers
1848,8104,2017-07-06,N,1992,Younger Millennials
1849,8105,2017-08-21,M,1994,Younger Millennials
1850,8106,2017-06-23,F,1984,Older Millennials
1851,8107,2018-09-16,N,1995,Gen Z
1852,8108,2017-09-04,M,1981,Older Millennials
1853,8109,2018-04-25,M,1960,Baby Boomers
1854,8110,2017-04-10,M,1951,Baby Boomers
1855,8111,2018-01-11,M,1961,Baby Boomers
1856,8112,2018-01-26,N,1988,Older Millennials
1857,8113,2017-01-08,M,1998,Gen Z
1858,8114,2019-03-30,F,2000,Gen Z
1859,8115,2017-01-09,F,1973,Gen X
1860,8116,2017-09-14,F,1967,Gen X
1861,8117,2017-06-22,F,1984,Older Millennials
1862,8118,2017-03-17,M,1958,Baby Boomers
1863,8119,2018-04-13,F,1969,Gen X
1864,8120,2017-10-20,F,1990,Younger Millennials
1865,8121,2018-03-25,M,1996,Gen Z
1866,8122,2017-01-08,F,1998,Gen Z
1867,8123,2018-06-08,F,1972,Gen X
1868,8124,2018-10-23,F,1984,Older Millennials
1869,8125,2018-02-04,F,1974,Gen X
1870,8126,2017-06-04,M,1960,Baby Boomers
1871,8127,2017-02-08,M,1981,Older Millennials
1872,8128,2018-09-21,N,1993,Younger Millennials
1873,8129,2018-02-20,F,1952,Baby Boomers
1874,8130,2017-05-21,M,1981,Older Millennials
1875,8131,2017-05-03,M,1971,Gen X
1876,8132,2017-08-07,M,1960,Baby Boomers
1877,8133,2017-09-19,F,2000,Gen Z
1878,8134,2017-08-21,F,1995,Gen Z
1879,8135,2018-12-02,F,1977,Gen X
1880,8136,2017-12-17,F,1993,Younger Millennials
1881,8137,2019-02-26,M,1957,Baby Boomers
1882,8138,2017-05-05,N,1996,Gen Z
1883,8139,2017-04-24,M,1957,Baby Boomers
1884,8140,2017-10-21,M,1965,Gen X
1885,8141,2018-10-02,N,1990,Younger Millennials
1886,8142,2017-10-31,F,1968,Gen X
1887,8143,2018-03-05,N,1992,Younger Millennials
1888,8144,2018-02-27,F,1975,Gen X
1889,8145,2018-08-26,M,1951,Baby Boomers
1890,8146,2017-11-08,N,1999,Gen Z
1891,8147,2018-04-17,N,1995,Gen Z
1892,8148,2017-06-14,F,1997,Gen Z
1893,8149,2018-08-05,N,1996,Gen Z
1894,8150,2017-10-03,F,1986,Older Millennials
1895,8151,2017-11-22,M,1963,Baby Boomers
1896,8152,2017-10-18,F,1972,Gen X
1897,8153,2017-12-09,F,1964,Baby Boomers
1898,8154,2018-10-18,N,1992,Younger Millennials
1899,8155,2017-01-30,F,1987,Older Millennials
1900,8156,2017-06-02,N,1989,Older Millennials
1901,8157,2018-04-16,M,1990,Younger Millennials
1902,8158,2018-09-30,F,1987,Older Millennials
1903,8159,2018-09-13,F,1955,Baby Boomers
1904,8160,2018-06-18,N,1999,Gen Z
1905,8161,2017-08-13,N,1995,Gen Z
1906,8162,2018-12-09,M,1983,Older Millennials
1907,8163,2017-06-27,N,1993,Younger Millennials
1908,8164,2019-03-20,M,1977,Gen X
1909,8165,2017-10-11,F,1994,Younger Millennials
1910,8166,2018-06-06,M,1992,Younger Millennials
1911,8167,2018-03-14,M,1953,Baby Boomers
1912,8168,2017-05-23,M,1978,Gen X
1913,8169,2017-08-07,F,1980,Older Millennials
1914,8170,2018-02-18,F,1950,Baby Boomers
1915,8171,2018-08-24,F,1993,Younger Millennials
1916,8172,2018-11-24,F,1966,Gen X
1917,8173,2018-09-17,F,2000,Gen Z
1918,8174,2017-11-03,F,1957,Baby Boomers
1919,8175,2018-12-22,F,1965,Gen X
1920,8176,2017-01-07,M,1957,Baby Boomers
1921,8177,2019-04-08,M,1953,Baby Boomers
1922,8178,2017-01-09,F,1998,Gen Z
1923,8179,2018-05-03,M,1957,Baby Boomers
1924,8180,2017-11-20,M,1960,Baby Boomers
1925,8181,2017-06-11,N,1995,Gen Z
1926,8182,2018-09-13,M,1992,Younger Millennials
1927,8183,2018-06-11,F,1971,Gen X
1928,8184,2018-05-06,M,1991,Younger Millennials
1929,8185,2018-08-12,N,1997,Gen Z
1930,8186,2018-12-03,M,1983,Older Millennials
1931,8187,2017-07-24,F,1968,Gen X
1932,8188,2018-03-04,F,1963,Baby Boomers
1933,8189,2017-11-20,F,1976,Gen X
1934,8190,2017-06-02,F,1963,Baby Boomers
1935,8191,2018-04-12,M,1985,Older Millennials
1936,8192,2018-01-04,M,1963,Baby Boomers
1937,8193,2018-06-16,M,1964,Baby Boomers
1938,8194,2017-04-16,F,1970,Gen X
1939,8195,2018-05-13,M,1993,Younger Millennials
1940,8196,2018-01-26,N,1999,Gen Z
1941,8197,2017-09-11,M,1996,Gen Z
1942,8198,2018-11-17,M,1953,Baby Boomers
1943,8199,2019-03-09,N,1995,Gen Z
1944,8200,2019-02-16,F,1987,Older Millennials
1945,8201,2017-03-07,M,1960,Baby Boomers
1946,8202,2018-11-09,M,1950,Baby Boomers
1947,8203,2019-02-12,N,2000,Gen Z
1948,8204,2018-07-02,N,1995,Gen Z
1949,8205,2017-08-16,F,2000,Gen Z
1950,8206,2018-02-06,F,1986,Older Millennials
1951,8207,2018-06-20,M,1988,Older Millennials
1952,8208,2018-08-27,N,1995,Gen Z
1953,8209,2018-07-13,F,1980,Older Millennials
1954,8210,2018-01-19,M,1987,Older Millennials
1955,8211,2018-01-07,M,1970,Gen X
1956,8212,2018-05-05,M,1991,Younger Millennials
1957,8213,2019-04-06,M,1988,Older Millennials
1958,8214,2017-09-20,F,1956,Baby Boomers
1959,8215,2018-04-13,M,1959,Baby Boomers
1960,8216,2019-02-26,F,1999,Gen Z
1961,8217,2018-06-09,M,1959,Baby Boomers
1962,8218,2017-03-24,F,1967,Gen X
1963,8219,2018-10-01,F,1957,Baby Boomers
1964,8220,2017-09-29,F,1959,Baby Boomers
1965,8221,2017-08-23,F,1983,Older Millennials
1966,8222,2018-12-07,F,1952,Baby Boomers
1967,8223,2017-03-27,M,1970,Gen X
1968,8224,2017-12-24,M,1951,Baby Boomers
1969,8225,2018-06-27,F,1975,Gen X
1970,8226,2018-04-06,M,1952,Baby Boomers
1971,8227,2019-04-07,M,1952,Baby Boomers
1972,8228,2017-01-16,M,1975,Gen X
1973,8229,2017-11-14,N,1991,Younger Millennials
1974,8230,2019-02-05,N,1990,Younger Millennials
1975,8231,2018-07-31,N,1993,Younger Millennials
1976,8232,2018-01-24,M,1974,Gen X
1977,8233,2017-10-06,N,1994,Younger Millennials
1978,8234,2019-03-13,N,2001,Gen Z
1979,8235,2017-08-18,F,1958,Baby Boomers
1980,8236,2018-05-09,M,1971,Gen X
1981,8237,2017-06-04,F,1998,Gen Z
1982,8238,2019-03-19,M,1992,Younger Millennials
1983,8239,2018-04-05,N,1997,Gen Z
1984,8240,2018-03-25,F,1955,Baby Boomers
1985,8241,2017-04-04,F,2000,Gen Z
1986,8242,2018-08-08,M,1988,Older Millennials
1987,8243,2018-05-22,F,1962,Baby Boomers
1988,8244,2017-05-11,M,1958,Baby Boomers
1989,8245,2018-01-24,N,1997,Gen Z
1990,8246,2017-03-18,F,1972,Gen X
1991,8247,2018-02-23,F,1954,Baby Boomers
1992,8248,2017-11-23,N,1993,Younger Millennials
1993,8249,2019-02-25,F,1957,Baby Boomers
1994,8250,2017-09-08,M,1954,Baby Boomers
1995,8251,2017-10-06,F,1976,Gen X
1996,8252,2017-09-14,M,1959,Baby Boomers
1997,8253,2018-04-05,M,1978,Gen X
1998,8254,2017-01-08,F,1967,Gen X
1999,8255,2018-05-15,N,1996,Gen Z
2000,8256,2018-08-16,M,1996,Gen Z
2001,8257,2018-06-21,M,1981,Older Millennials
2002,8258,2017-05-20,M,1981,Older Millennials
2003,8259,2019-02-13,F,1998,Gen Z
2004,8260,2018-02-13,M,1985,Older Millennials
2005,8261,2017-10-20,M,1952,Baby Boomers
2006,8262,2017-01-23,M,1980,Older Millennials
2007,8263,2018-05-13,F,1988,Older Millennials
2008,8264,2018-01-29,F,1988,Older Millennials
2009,8265,2019-04-08,F,1974,Gen X
2010,8266,2018-02-28,M,1952,Baby Boomers
2011,8267,2018-09-19,M,1985,Older Millennials
2012,8268,2018-09-28,F,1979,Gen X
2013,8269,2017-11-02,F,1961,Baby Boomers
2014,8270,2017-06-09,M,1995,Gen Z
2015,8271,2017-02-05,M,1987,Older Millennials
2016,8272,2018-12-26,N,1991,Younger Millennials
2017,8273,2017-12-12,F,1974,Gen X
2018,8274,2018-09-17,F,1956,Baby Boomers
2019,8275,2017-10-24,F,1997,Gen Z
2020,8276,2017-03-02,N,1995,Gen Z
2021,8277,2017-04-16,F,1995,Gen Z
2022,8278,2017-05-28,M,1973,Gen X
2023,8279,2018-07-03,N,1998,Gen Z
2024,8280,2017-10-24,N,1997,Gen Z
2025,8281,2018-11-18,F,1953,Baby Boomers
2026,8282,2017-07-10,N,1999,Gen Z
2027,8283,2017-04-15,M,1996,Gen Z
2028,8284,2018-08-20,M,1970,Gen X
2029,8285,2018-10-26,N,1990,Younger Millennials
2030,8286,2017-05-29,N,1992,Younger Millennials
2031,8287,2017-08-11,M,1967,Gen X
2032,8288,2018-01-16,M,1963,Baby Boomers
2033,8289,2018-06-01,M,1998,Gen Z
2034,8290,2017-05-31,M,1989,Older Millennials
2035,8291,2017-04-29,F,1995,Gen Z
2036,8292,2018-12-12,M,1980,Older Millennials
2037,8293,2018-09-18,M,1958,Baby Boomers
2038,8294,2017-01-03,F,1993,Younger Millennials
2039,8295,2017-06-12,F,1962,Baby Boomers
2040,8296,2017-05-08,M,1999,Gen Z
2041,8297,2017-11-17,F,1974,Gen X
2042,8298,2018-04-06,F,1978,Gen X
2043,8299,2018-10-03,F,1976,Gen X
2044,8300,2019-04-07,F,1986,Older Millennials
2045,8301,2017-12-07,M,1984,Older Millennials
2046,8302,2019-02-28,F,1958,Baby Boomers
2047,8303,2017-03-17,M,1981,Older Millennials
2048,8304,2018-07-27,F,1997,Gen Z
2049,8305,2018-10-17,M,1994,Younger Millennials
2050,8306,2017-03-11,N,1998,Gen Z
2051,8307,2019-01-30,F,1951,Baby Boomers
2052,8308,2017-06-05,M,1962,Baby Boomers
2053,8309,2018-12-28,M,1956,Baby Boomers
2054,8310,2017-10-09,M,1984,Older Millennials
2055,8311,2017-03-27,F,1967,Gen X
2056,8312,2017-11-06,M,1959,Baby Boomers
2057,8313,2018-11-08,N,1995,Gen Z
2058,8314,2017-08-23,N,2000,Gen Z
2059,8315,2018-09-14,M,1958,Baby Boomers
2060,8316,2017-06-03,F,2000,Gen Z
2061,8317,2018-12-24,F,1999,Gen Z
2062,8318,2018-12-18,M,1957,Baby Boomers
2063,8319,2018-03-14,M,1965,Gen X
2064,8320,2018-02-14,N,1995,Gen Z
2065,8321,2017-04-16,F,1980,Older Millennials
2066,8322,2019-03-21,F,1969,Gen X
2067,8323,2017-05-14,F,1989,Older Millennials
2068,8324,2019-01-29,F,1967,Gen X
2069,8325,2017-01-15,F,1969,Gen X
2070,8326,2017-01-22,N,1998,Gen Z
2071,8327,2019-01-16,F,1987,Older Millennials
2072,8328,2019-01-08,F,1998,Gen Z
2073,8329,2019-02-16,F,1955,Baby Boomers
2074,8330,2017-06-18,M,1960,Baby Boomers
2075,8331,2018-08-26,M,1978,Gen X
2076,8332,2019-02-28,M,1985,Older Millennials
2077,8333,2019-02-12,M,1974,Gen X
2078,8334,2018-03-29,M,1955,Baby Boomers
2079,8335,2018-02-21,M,1966,Gen X
2080,8336,2017-11-26,N,1991,Younger Millennials
2081,8337,2018-09-17,F,1976,Gen X
2082,8338,2019-02-06,F,2000,Gen Z
2083,8339,2018-04-11,N,1990,Younger Millennials
2084,8340,2017-05-05,N,2000,Gen Z
2085,8341,2017-06-08,M,1973,Gen X
2086,8342,2017-11-19,M,1975,Gen X
2087,8343,2019-01-19,N,1993,Younger Millennials
2088,8344,2018-01-14,N,1988,Older Millennials
2089,8345,2017-01-12,F,1988,Older Millennials
2090,8346,2017-06-04,F,1976,Gen X
2091,8347,2017-10-26,F,1955,Baby Boomers
2092,8348,2017-06-05,M,1964,Baby Boomers
2093,8349,2019-01-13,F,2000,Gen Z
2094,8350,2017-11-25,M,1957,Baby Boomers
2095,8351,2018-01-22,F,1961,Baby Boomers
2096,8352,2017-12-12,M,1983,Older Millennials
2097,8353,2017-02-20,N,1994,Younger Millennials
2098,8354,2017-03-30,F,1960,Baby Boomers
2099,8355,2017-02-14,M,1974,Gen X
2100,8356,2018-07-25,M,1968,Gen X
2101,8357,2019-01-13,M,1973,Gen X
2102,8358,2018-10-24,F,1994,Younger Millennials
2103,8359,2017-08-19,F,1979,Gen X
2104,8360,2018-10-04,F,1968,Gen X
2105,8361,2018-12-15,F,1992,Younger Millennials
2106,8362,2019-01-07,M,1965,Gen X
2107,8363,2019-03-30,F,1973,Gen X
2108,8364,2017-10-21,M,1965,Gen X
2109,8365,2018-06-26,M,1972,Gen X
2110,8366,2017-07-13,F,1973,Gen X
2111,8367,2018-08-05,M,1987,Older Millennials
2112,8368,2017-11-03,F,1987,Older Millennials
2113,8369,2018-05-22,F,1989,Older Millennials
2114,8370,2018-09-10,F,1969,Gen X
2115,8371,2017-07-03,F,1962,Baby Boomers
2116,8372,2017-01-21,M,1997,Gen Z
2117,8373,2018-12-05,M,1993,Younger Millennials
2118,8374,2018-10-05,M,1989,Older Millennials
2119,8375,2018-05-03,N,1999,Gen Z
2120,8376,2017-07-03,F,1995,Gen Z
2121,8377,2017-03-29,N,1997,Gen Z
2122,8378,2017-04-16,M,1998,Gen Z
2123,8379,2018-05-09,N,1991,Younger Millennials
2124,8380,2018-01-31,F,1953,Baby Boomers
2125,8381,2019-03-25,N,1993,Younger Millennials
2126,8382,2017-09-10,F,1977,Gen X
2127,8383,2018-02-04,F,1986,Older Millennials
2128,8384,2018-02-28,F,1991,Younger Millennials
2129,8385,2017-10-27,F,1966,Gen X
2130,8386,2018-12-30,M,1953,Baby Boomers
2131,8387,2017-12-24,M,1996,Gen Z
2132,8388,2019-03-05,N,1996,Gen Z
2133,8389,2017-10-29,N,2000,Gen Z
2134,8390,2019-01-13,N,1996,Gen Z
2135,8391,2017-07-20,N,1996,Gen Z
2136,8392,2017-05-16,F,1994,Younger Millennials
2137,8393,2017-07-18,F,1989,Older Millennials
2138,8394,2017-03-31,M,1991,Younger Millennials
2139,8395,2018-08-30,N,1999,Gen Z
2140,8396,2018-12-31,F,1969,Gen X
2141,8397,2018-11-09,F,1972,Gen X
2142,8398,2017-01-28,F,1991,Younger Millennials
2143,8399,2018-08-21,M,1960,Baby Boomers
2144,8400,2017-06-27,F,1980,Older Millennials
2145,8401,2019-04-07,M,1954,Baby Boomers
2146,8402,2018-12-11,F,1999,Gen Z
2147,8403,2018-09-07,M,1978,Gen X
2148,8404,2018-12-08,F,1967,Gen X
2149,8405,2018-01-04,F,1969,Gen X
2150,8406,2017-01-16,M,1966,Gen X
2151,8407,2018-10-13,F,1980,Older Millennials
2152,8408,2018-01-11,F,1967,Gen X
2153,8409,2017-05-08,F,1990,Younger Millennials
2154,8410,2018-09-23,F,1962,Baby Boomers
2155,8411,2017-09-26,F,1966,Gen X
2156,8412,2019-01-08,M,1953,Baby Boomers
2157,8413,2018-11-17,N,1994,Younger Millennials
2158,8414,2018-06-21,F,1953,Baby Boomers
2159,8415,2019-02-06,M,1997,Gen Z
2160,8416,2018-01-20,F,1989,Older Millennials
2161,8417,2017-09-04,M,1986,Older Millennials
2162,8418,2017-10-31,M,1990,Younger Millennials
2163,8419,2019-02-24,M,1998,Gen Z
2164,8420,2018-06-02,M,1962,Baby Boomers
2165,8421,2017-12-05,M,1957,Baby Boomers
2166,8422,2018-10-30,F,1996,Gen Z
2167,8423,2017-08-30,N,1997,Gen Z
2168,8424,2018-02-25,M,1955,Baby Boomers
2169,8425,2017-11-06,N,1992,Younger Millennials
2170,8426,2018-03-30,F,1959,Baby Boomers
2171,8427,2018-11-21,M,1954,Baby Boomers
2172,8428,2019-02-01,M,1964,Baby Boomers
2173,8429,2018-06-06,M,1992,Younger Millennials
2174,8430,2017-10-03,M,1990,Younger Millennials
2175,8431,2017-04-09,M,1966,Gen X
2176,8432,2019-01-19,N,1997,Gen Z
2177,8433,2018-04-02,F,1989,Older Millennials
2178,8434,2017-12-25,F,1974,Gen X
2179,8435,2019-02-04,F,1992,Younger Millennials
2180,8436,2019-03-21,F,1989,Older Millennials
2181,8437,2019-01-28,F,1952,Baby Boomers
2182,8438,2017-02-13,F,1984,Older Millennials
2183,8439,2017-05-25,M,1974,Gen X
2184,8440,2018-02-07,F,1957,Baby Boomers
2185,8441,2018-02-28,F,1955,Baby Boomers
2186,8442,2017-01-13,M,1988,Older Millennials
2187,8443,2018-12-29,F,1963,Baby Boomers
2188,8444,2017-11-24,M,2001,Gen Z
2189,8445,2018-04-29,N,1992,Younger Millennials
2190,8446,2018-10-01,M,1991,Younger Millennials
2191,8447,2017-05-06,M,2000,Gen Z
2192,8448,2018-10-18,N,1999,Gen Z
2193,8449,2017-11-02,F,1992,Younger Millennials
2194,8450,2017-05-03,F,1982,Older Millennials
2195,8451,2018-02-01,N,1996,Gen Z
2196,8452,2019-01-05,F,1958,Baby Boomers
2197,8453,2019-02-15,F,2000,Gen Z
2198,8454,2019-03-21,F,1963,Baby Boomers
2199,8455,2017-09-07,N,1998,Gen Z
2200,8456,2018-04-01,M,1963,Baby Boomers
2201,8457,2017-08-25,F,1956,Baby Boomers
2202,8458,2018-05-30,F,1959,Baby Boomers
2203,8459,2018-04-23,F,1998,Gen Z
2204,8460,2017-10-04,N,1993,Younger Millennials
2205,8461,2018-07-10,M,1955,Baby Boomers
2206,8462,2018-04-11,M,1957,Baby Boomers
2207,8463,2018-04-09,F,1981,Older Millennials
2208,8464,2018-05-09,M,1953,Baby Boomers
2209,8465,2019-01-15,N,1990,Younger Millennials
2210,8466,2019-01-23,F,1951,Baby Boomers
2211,8467,2017-05-08,M,1961,Baby Boomers
2212,8468,2018-11-09,F,1972,Gen X
2213,8469,2017-01-07,M,1968,Gen X
2214,8470,2017-05-30,F,1977,Gen X
2215,8471,2017-05-27,N,1993,Younger Millennials
2216,8472,2017-08-15,M,1973,Gen X
2217,8473,2017-05-08,F,1970,Gen X
2218,8474,2018-01-29,F,1960,Baby Boomers
2219,8475,2017-10-28,F,1973,Gen X
2220,8476,2018-12-10,M,1954,Baby Boomers
2221,8477,2017-06-17,M,1981,Older Millennials
2222,8478,2017-07-30,F,1971,Gen X
2223,8479,2017-12-29,F,1990,Younger Millennials
2224,8480,2018-12-11,M,1981,Older Millennials
2225,8481,2019-03-22,N,1997,Gen Z
2226,8482,2019-03-13,F,1964,Baby Boomers
2227,8483,2017-01-03,M,1957,Baby Boomers
2228,8484,2018-03-29,N,2000,Gen Z
2229,8485,2018-04-16,F,1960,Baby Boomers
2230,8486,2018-05-05,N,2000,Gen Z
2231,8487,2017-12-27,M,1970,Gen X
2232,8488,2019-03-01,F,1953,Baby Boomers
2233,8489,2017-11-11,F,1954,Baby Boomers
2234,8490,2017-08-18,F,1998,Gen Z
2235,8491,2017-05-15,F,1957,Baby Boomers
2236,8492,2017-12-31,M,1996,Gen Z
2237,8493,2017-02-27,M,1991,Younger Millennials
2238,8494,2018-10-04,F,1998,Gen Z
2239,8495,2017-01-04,M,1952,Baby Boomers
2240,8496,2017-12-18,F,1977,Gen X
2241,8497,2017-01-06,F,1977,Gen X
2242,8498,2019-01-20,N,2000,Gen Z
2243,8499,2017-11-09,F,1996,Gen Z
2244,8500,2017-08-21,N,1990,Younger Millennials
2245,8501,2018-07-06,F,1966,Gen X
